zone,zone_detail,node_id,node_name,voltage,lat,lng,section,technology,technology_label,status,grid,value_mw
NACIONAL,Nacional,,,,,,capacidad_acceso,eolica,Eólica,En curso,RdT,10794.47
NACIONAL,Nacional,,,,,,capacidad_acceso,eolica,Eólica,En curso,RdD,1862.25
NACIONAL,Nacional,,,,,,capacidad_acceso,eolica,Eólica,Con permisos,RdT,12398
NACIONAL,Nacional,,,,,,capacidad_acceso,eolica,Eólica,Con permisos,RdD,3876
NACIONAL,Nacional,,,,,,capacidad_acceso,eolica,Eólica,Puesta en servicio,RdT,14888.38
NACIONAL,Nacional,,,,,,capacidad_acceso,eolica,Eólica,Puesta en servicio,RdD,8985.89
NACIONAL,Nacional,,,,,,capacidad_acceso,fotovoltaica,Fotovoltaica,En curso,RdT,7981.95
NACIONAL,Nacional,,,,,,capacidad_acceso,fotovoltaica,Fotovoltaica,En curso,RdD,5389.35
NACIONAL,Nacional,,,,,,capacidad_acceso,fotovoltaica,Fotovoltaica,Con permisos,RdT,32969
NACIONAL,Nacional,,,,,,capacidad_acceso,fotovoltaica,Fotovoltaica,Con permisos,RdD,12711
NACIONAL,Nacional,,,,,,capacidad_acceso,fotovoltaica,Fotovoltaica,Puesta en servicio,RdT,13546.82
NACIONAL,Nacional,,,,,,capacidad_acceso,fotovoltaica,Fotovoltaica,Puesta en servicio,RdD,10102.23
NACIONAL,Nacional,,,,,,capacidad_acceso,almacenamiento,Baterías,En curso,RdT,9815.0
NACIONAL,Nacional,,,,,,capacidad_acceso,almacenamiento,Baterías,En curso,RdD,3431.22
NACIONAL,Nacional,,,,,,capacidad_acceso,almacenamiento,Baterías,Con permisos,RdT,5078
NACIONAL,Nacional,,,,,,capacidad_acceso,almacenamiento,Baterías,Con permisos,RdD,5909
NACIONAL,Nacional,,,,,,capacidad_acceso,almacenamiento,Baterías,Puesta en servicio,RdT,
NACIONAL,Nacional,,,,,,capacidad_acceso,almacenamiento,Baterías,Puesta en servicio,RdD,12.15
NACIONAL,Nacional,,,,,,capacidad_acceso,hibridacion,Hibridación,En curso,RdT,1653.71
NACIONAL,Nacional,,,,,,capacidad_acceso,hibridacion,Hibridación,En curso,RdD,178.18
NACIONAL,Nacional,,,,,,capacidad_acceso,hibridacion,Hibridación,Con permisos,RdT,10134
NACIONAL,Nacional,,,,,,capacidad_acceso,hibridacion,Hibridación,Con permisos,RdD,1484
NACIONAL,Nacional,,,,,,capacidad_acceso,hibridacion,Hibridación,Puesta en servicio,RdT,22199.75
NACIONAL,Nacional,,,,,,capacidad_acceso,hibridacion,Hibridación,Puesta en servicio,RdD,3131.03
NACIONAL,Nacional,,,,,,capacidad_acceso,termosolar,Termosolar,Con permisos,RdT,
NACIONAL,Nacional,,,,,,capacidad_acceso,termosolar,Termosolar,Con permisos,RdD,50
NACIONAL,Nacional,,,,,,capacidad_acceso,termosolar,Termosolar,Puesta en servicio,RdT,1147.0
NACIONAL,Nacional,,,,,,capacidad_acceso,termosolar,Termosolar,Puesta en servicio,RdD,520.5
NACIONAL,Nacional,,,,,,capacidad_acceso,hidraulica,Hidráulica,Con permisos,RdT,191
NACIONAL,Nacional,,,,,,capacidad_acceso,hidraulica,Hidráulica,Con permisos,RdD,48
NACIONAL,Nacional,,,,,,capacidad_acceso,hidraulica,Hidráulica,Puesta en servicio,RdT,6402.18
NACIONAL,Nacional,,,,,,capacidad_acceso,hidraulica,Hidráulica,Puesta en servicio,RdD,6022.6
NACIONAL,Nacional,,,,,,capacidad_acceso,bombeo,Bombeo,En curso,RdT,1009
NACIONAL,Nacional,,,,,,capacidad_acceso,bombeo,Bombeo,En curso,RdD,
NACIONAL,Nacional,,,,,,capacidad_acceso,bombeo,Bombeo,Con permisos,RdT,3356
NACIONAL,Nacional,,,,,,capacidad_acceso,bombeo,Bombeo,Con permisos,RdD,
NACIONAL,Nacional,,,,,,capacidad_acceso,bombeo,Bombeo,Puesta en servicio,RdT,5377.85
NACIONAL,Nacional,,,,,,capacidad_acceso,bombeo,Bombeo,Puesta en servicio,RdD,
NACIONAL,Nacional,,,,,,capacidad_acceso,otras,Otras tecnologías,En curso,RdT,4570.06
NACIONAL,Nacional,,,,,,capacidad_acceso,otras,Otras tecnologías,En curso,RdD,55.82
NACIONAL,Nacional,,,,,,capacidad_acceso,otras,Otras tecnologías,Con permisos,RdT,249
NACIONAL,Nacional,,,,,,capacidad_acceso,otras,Otras tecnologías,Con permisos,RdD,516
NACIONAL,Nacional,,,,,,capacidad_acceso,otras,Otras tecnologías,Puesta en servicio,RdT,35351.69
NACIONAL,Nacional,,,,,,capacidad_acceso,otras,Otras tecnologías,Puesta en servicio,RdD,6287.3
NACIONAL,Nacional,,,,,,potencia_instalada,eolica,Eólica,En curso,RdT,11622.2
NACIONAL,Nacional,,,,,,potencia_instalada,eolica,Eólica,En curso,RdD,1982.29
NACIONAL,Nacional,,,,,,potencia_instalada,eolica,Eólica,Con permisos,RdT,18308
NACIONAL,Nacional,,,,,,potencia_instalada,eolica,Eólica,Con permisos,RdD,4927
NACIONAL,Nacional,,,,,,potencia_instalada,eolica,Eólica,Puesta en servicio,RdT,22329.22
NACIONAL,Nacional,,,,,,potencia_instalada,eolica,Eólica,Puesta en servicio,RdD,10223.85
NACIONAL,Nacional,,,,,,potencia_instalada,fotovoltaica,Fotovoltaica,En curso,RdT,10227.14
NACIONAL,Nacional,,,,,,potencia_instalada,fotovoltaica,Fotovoltaica,En curso,RdD,5853.34
NACIONAL,Nacional,,,,,,potencia_instalada,fotovoltaica,Fotovoltaica,Con permisos,RdT,51668
NACIONAL,Nacional,,,,,,potencia_instalada,fotovoltaica,Fotovoltaica,Con permisos,RdD,16275
NACIONAL,Nacional,,,,,,potencia_instalada,fotovoltaica,Fotovoltaica,Puesta en servicio,RdT,30612.0
NACIONAL,Nacional,,,,,,potencia_instalada,fotovoltaica,Fotovoltaica,Puesta en servicio,RdD,12991.75
NACIONAL,Nacional,,,,,,potencia_instalada,almacenamiento,Baterías,En curso,RdT,10251.6
NACIONAL,Nacional,,,,,,potencia_instalada,almacenamiento,Baterías,En curso,RdD,3716.54
NACIONAL,Nacional,,,,,,potencia_instalada,almacenamiento,Baterías,Con permisos,RdT,20045
NACIONAL,Nacional,,,,,,potencia_instalada,almacenamiento,Baterías,Con permisos,RdD,8263
NACIONAL,Nacional,,,,,,potencia_instalada,almacenamiento,Baterías,Puesta en servicio,RdT,140.38
NACIONAL,Nacional,,,,,,potencia_instalada,almacenamiento,Baterías,Puesta en servicio,RdD,80.04
NACIONAL,Nacional,,,,,,potencia_instalada,termosolar,Termosolar,Con permisos,RdT,
NACIONAL,Nacional,,,,,,potencia_instalada,termosolar,Termosolar,Con permisos,RdD,81
NACIONAL,Nacional,,,,,,potencia_instalada,termosolar,Termosolar,Puesta en servicio,RdT,1698.6
NACIONAL,Nacional,,,,,,potencia_instalada,termosolar,Termosolar,Puesta en servicio,RdD,570.5
NACIONAL,Nacional,,,,,,potencia_instalada,hidraulica,Hidráulica,En curso,RdT,
NACIONAL,Nacional,,,,,,potencia_instalada,hidraulica,Hidráulica,En curso,RdD,15.2
NACIONAL,Nacional,,,,,,potencia_instalada,hidraulica,Hidráulica,Con permisos,RdT,495
NACIONAL,Nacional,,,,,,potencia_instalada,hidraulica,Hidráulica,Con permisos,RdD,100
NACIONAL,Nacional,,,,,,potencia_instalada,hidraulica,Hidráulica,Puesta en servicio,RdT,6908.14
NACIONAL,Nacional,,,,,,potencia_instalada,hidraulica,Hidráulica,Puesta en servicio,RdD,6029.68
NACIONAL,Nacional,,,,,,potencia_instalada,bombeo,Bombeo,En curso,RdT,1009
NACIONAL,Nacional,,,,,,potencia_instalada,bombeo,Bombeo,En curso,RdD,
NACIONAL,Nacional,,,,,,potencia_instalada,bombeo,Bombeo,Con permisos,RdT,2966
NACIONAL,Nacional,,,,,,potencia_instalada,bombeo,Bombeo,Con permisos,RdD,
NACIONAL,Nacional,,,,,,potencia_instalada,bombeo,Bombeo,Puesta en servicio,RdT,5454.03
NACIONAL,Nacional,,,,,,potencia_instalada,bombeo,Bombeo,Puesta en servicio,RdD,
NACIONAL,Nacional,,,,,,potencia_instalada,otras,Otras tecnologías,En curso,RdT,5428.8
NACIONAL,Nacional,,,,,,potencia_instalada,otras,Otras tecnologías,En curso,RdD,41.84
NACIONAL,Nacional,,,,,,potencia_instalada,otras,Otras tecnologías,Con permisos,RdT,744
NACIONAL,Nacional,,,,,,potencia_instalada,otras,Otras tecnologías,Con permisos,RdD,742
NACIONAL,Nacional,,,,,,potencia_instalada,otras,Otras tecnologías,Puesta en servicio,RdT,39326.38
NACIONAL,Nacional,,,,,,potencia_instalada,otras,Otras tecnologías,Puesta en servicio,RdD,6666.48
PENINSULAR,Peninsular,,,,,,capacidad_acceso,eolica,Eólica,En curso,RdT,10759.67
PENINSULAR,Peninsular,,,,,,capacidad_acceso,eolica,Eólica,En curso,RdD,1862.25
PENINSULAR,Peninsular,,,,,,capacidad_acceso,eolica,Eólica,Con permisos,RdT,12200
PENINSULAR,Peninsular,,,,,,capacidad_acceso,eolica,Eólica,Con permisos,RdD,3810
PENINSULAR,Peninsular,,,,,,capacidad_acceso,eolica,Eólica,Puesta en servicio,RdT,14520.31
PENINSULAR,Peninsular,,,,,,capacidad_acceso,eolica,Eólica,Puesta en servicio,RdD,8848.13
PENINSULAR,Peninsular,,,,,,capacidad_acceso,fotovoltaica,Fotovoltaica,En curso,RdT,7956.35
PENINSULAR,Peninsular,,,,,,capacidad_acceso,fotovoltaica,Fotovoltaica,En curso,RdD,5378.68
PENINSULAR,Peninsular,,,,,,capacidad_acceso,fotovoltaica,Fotovoltaica,Con permisos,RdT,32672
PENINSULAR,Peninsular,,,,,,capacidad_acceso,fotovoltaica,Fotovoltaica,Con permisos,RdD,11999
PENINSULAR,Peninsular,,,,,,capacidad_acceso,fotovoltaica,Fotovoltaica,Puesta en servicio,RdT,13351.95
PENINSULAR,Peninsular,,,,,,capacidad_acceso,fotovoltaica,Fotovoltaica,Puesta en servicio,RdD,9724.16
PENINSULAR,Peninsular,,,,,,capacidad_acceso,almacenamiento,Baterías,En curso,RdT,9709.0
PENINSULAR,Peninsular,,,,,,capacidad_acceso,almacenamiento,Baterías,En curso,RdD,3422.27
PENINSULAR,Peninsular,,,,,,capacidad_acceso,almacenamiento,Baterías,Con permisos,RdT,4662
PENINSULAR,Peninsular,,,,,,capacidad_acceso,almacenamiento,Baterías,Con permisos,RdD,4796
PENINSULAR,Peninsular,,,,,,capacidad_acceso,almacenamiento,Baterías,Puesta en servicio,RdT,
PENINSULAR,Peninsular,,,,,,capacidad_acceso,almacenamiento,Baterías,Puesta en servicio,RdD,8.15
PENINSULAR,Peninsular,,,,,,capacidad_acceso,hibridacion,Hibridación,En curso,RdT,1653.71
PENINSULAR,Peninsular,,,,,,capacidad_acceso,hibridacion,Hibridación,En curso,RdD,178.18
PENINSULAR,Peninsular,,,,,,capacidad_acceso,hibridacion,Hibridación,Con permisos,RdT,10033
PENINSULAR,Peninsular,,,,,,capacidad_acceso,hibridacion,Hibridación,Con permisos,RdD,1322
PENINSULAR,Peninsular,,,,,,capacidad_acceso,hibridacion,Hibridación,Puesta en servicio,RdT,21970.75
PENINSULAR,Peninsular,,,,,,capacidad_acceso,hibridacion,Hibridación,Puesta en servicio,RdD,3094.01
PENINSULAR,Peninsular,,,,,,capacidad_acceso,termosolar,Termosolar,Con permisos,RdT,
PENINSULAR,Peninsular,,,,,,capacidad_acceso,termosolar,Termosolar,Con permisos,RdD,50
PENINSULAR,Peninsular,,,,,,capacidad_acceso,termosolar,Termosolar,Puesta en servicio,RdT,1147
PENINSULAR,Peninsular,,,,,,capacidad_acceso,termosolar,Termosolar,Puesta en servicio,RdD,520.5
PENINSULAR,Peninsular,,,,,,capacidad_acceso,hidraulica,Hidráulica,Con permisos,RdT,191
PENINSULAR,Peninsular,,,,,,capacidad_acceso,hidraulica,Hidráulica,Con permisos,RdD,37
PENINSULAR,Peninsular,,,,,,capacidad_acceso,hidraulica,Hidráulica,Puesta en servicio,RdT,6402.18
PENINSULAR,Peninsular,,,,,,capacidad_acceso,hidraulica,Hidráulica,Puesta en servicio,RdD,6021.84
PENINSULAR,Peninsular,,,,,,capacidad_acceso,bombeo,Bombeo,En curso,RdT,1009
PENINSULAR,Peninsular,,,,,,capacidad_acceso,bombeo,Bombeo,En curso,RdD,
PENINSULAR,Peninsular,,,,,,capacidad_acceso,bombeo,Bombeo,Con permisos,RdT,3356
PENINSULAR,Peninsular,,,,,,capacidad_acceso,bombeo,Bombeo,Con permisos,RdD,
PENINSULAR,Peninsular,,,,,,capacidad_acceso,bombeo,Bombeo,Puesta en servicio,RdT,5377.85
PENINSULAR,Peninsular,,,,,,capacidad_acceso,bombeo,Bombeo,Puesta en servicio,RdD,
PENINSULAR,Peninsular,,,,,,capacidad_acceso,otras,Otras tecnologías,En curso,RdT,4570.06
PENINSULAR,Peninsular,,,,,,capacidad_acceso,otras,Otras tecnologías,En curso,RdD,55.18
PENINSULAR,Peninsular,,,,,,capacidad_acceso,otras,Otras tecnologías,Con permisos,RdT,249
PENINSULAR,Peninsular,,,,,,capacidad_acceso,otras,Otras tecnologías,Con permisos,RdD,514
PENINSULAR,Peninsular,,,,,,capacidad_acceso,otras,Otras tecnologías,Puesta en servicio,RdT,31056.03
PENINSULAR,Peninsular,,,,,,capacidad_acceso,otras,Otras tecnologías,Puesta en servicio,RdD,6261.03
PENINSULAR,Peninsular,,,,,,potencia_instalada,eolica,Eólica,En curso,RdT,11587.35
PENINSULAR,Peninsular,,,,,,potencia_instalada,eolica,Eólica,En curso,RdD,1982.29
PENINSULAR,Peninsular,,,,,,potencia_instalada,eolica,Eólica,Con permisos,RdT,18085
PENINSULAR,Peninsular,,,,,,potencia_instalada,eolica,Eólica,Con permisos,RdD,4827
PENINSULAR,Peninsular,,,,,,potencia_instalada,eolica,Eólica,Puesta en servicio,RdT,21846
PENINSULAR,Peninsular,,,,,,potencia_instalada,eolica,Eólica,Puesta en servicio,RdD,10058.34
PENINSULAR,Peninsular,,,,,,potencia_instalada,fotovoltaica,Fotovoltaica,En curso,RdT,10197.14
PENINSULAR,Peninsular,,,,,,potencia_instalada,fotovoltaica,Fotovoltaica,En curso,RdD,5842.67
PENINSULAR,Peninsular,,,,,,potencia_instalada,fotovoltaica,Fotovoltaica,Con permisos,RdT,51165
PENINSULAR,Peninsular,,,,,,potencia_instalada,fotovoltaica,Fotovoltaica,Con permisos,RdD,15256
PENINSULAR,Peninsular,,,,,,potencia_instalada,fotovoltaica,Fotovoltaica,Puesta en servicio,RdT,30297.98
PENINSULAR,Peninsular,,,,,,potencia_instalada,fotovoltaica,Fotovoltaica,Puesta en servicio,RdD,12563.56
PENINSULAR,Peninsular,,,,,,potencia_instalada,almacenamiento,Baterías,En curso,RdT,10145.6
PENINSULAR,Peninsular,,,,,,potencia_instalada,almacenamiento,Baterías,En curso,RdD,3707.59
PENINSULAR,Peninsular,,,,,,potencia_instalada,almacenamiento,Baterías,Con permisos,RdT,19364
PENINSULAR,Peninsular,,,,,,potencia_instalada,almacenamiento,Baterías,Con permisos,RdD,6906
PENINSULAR,Peninsular,,,,,,potencia_instalada,almacenamiento,Baterías,Puesta en servicio,RdT,135.3
PENINSULAR,Peninsular,,,,,,potencia_instalada,almacenamiento,Baterías,Puesta en servicio,RdD,74.84
PENINSULAR,Peninsular,,,,,,potencia_instalada,termosolar,Termosolar,Con permisos,RdT,
PENINSULAR,Peninsular,,,,,,potencia_instalada,termosolar,Termosolar,Con permisos,RdD,81
PENINSULAR,Peninsular,,,,,,potencia_instalada,termosolar,Termosolar,Puesta en servicio,RdT,1698.6
PENINSULAR,Peninsular,,,,,,potencia_instalada,termosolar,Termosolar,Puesta en servicio,RdD,570.5
PENINSULAR,Peninsular,,,,,,potencia_instalada,hidraulica,Hidráulica,En curso,RdT,
PENINSULAR,Peninsular,,,,,,potencia_instalada,hidraulica,Hidráulica,En curso,RdD,15.2
PENINSULAR,Peninsular,,,,,,potencia_instalada,hidraulica,Hidráulica,Con permisos,RdT,495
PENINSULAR,Peninsular,,,,,,potencia_instalada,hidraulica,Hidráulica,Con permisos,RdD,89
PENINSULAR,Peninsular,,,,,,potencia_instalada,hidraulica,Hidráulica,Puesta en servicio,RdT,6908.14
PENINSULAR,Peninsular,,,,,,potencia_instalada,hidraulica,Hidráulica,Puesta en servicio,RdD,6028.92
PENINSULAR,Peninsular,,,,,,potencia_instalada,bombeo,Bombeo,En curso,RdT,1009
PENINSULAR,Peninsular,,,,,,potencia_instalada,bombeo,Bombeo,En curso,RdD,
PENINSULAR,Peninsular,,,,,,potencia_instalada,bombeo,Bombeo,Con permisos,RdT,2966
PENINSULAR,Peninsular,,,,,,potencia_instalada,bombeo,Bombeo,Con permisos,RdD,
PENINSULAR,Peninsular,,,,,,potencia_instalada,bombeo,Bombeo,Puesta en servicio,RdT,5454.03
PENINSULAR,Peninsular,,,,,,potencia_instalada,bombeo,Bombeo,Puesta en servicio,RdD,
PENINSULAR,Peninsular,,,,,,potencia_instalada,otras,Otras tecnologías,En curso,RdT,5354.2
PENINSULAR,Peninsular,,,,,,potencia_instalada,otras,Otras tecnologías,En curso,RdD,41.2
PENINSULAR,Peninsular,,,,,,potencia_instalada,otras,Otras tecnologías,Con permisos,RdT,642
PENINSULAR,Peninsular,,,,,,potencia_instalada,otras,Otras tecnologías,Con permisos,RdD,727
PENINSULAR,Peninsular,,,,,,potencia_instalada,otras,Otras tecnologías,Puesta en servicio,RdT,35118.32
PENINSULAR,Peninsular,,,,,,potencia_instalada,otras,Otras tecnologías,Puesta en servicio,RdD,6642.51
CCAA,Andalucía,,,,,,capacidad_acceso,eolica,Eólica,En curso,RdT,580.5
CCAA,Andalucía,,,,,,capacidad_acceso,eolica,Eólica,En curso,RdD,146.18
CCAA,Andalucía,,,,,,capacidad_acceso,eolica,Eólica,Con permisos,RdT,1004
CCAA,Andalucía,,,,,,capacidad_acceso,eolica,Eólica,Con permisos,RdD,239
CCAA,Andalucía,,,,,,capacidad_acceso,eolica,Eólica,Puesta en servicio,RdT,1822.47
CCAA,Andalucía,,,,,,capacidad_acceso,eolica,Eólica,Puesta en servicio,RdD,829.31
CCAA,Andalucía,,,,,,capacidad_acceso,fotovoltaica,Fotovoltaica,En curso,RdT,1328.4
CCAA,Andalucía,,,,,,capacidad_acceso,fotovoltaica,Fotovoltaica,En curso,RdD,1736.27
CCAA,Andalucía,,,,,,capacidad_acceso,fotovoltaica,Fotovoltaica,Con permisos,RdT,6900
CCAA,Andalucía,,,,,,capacidad_acceso,fotovoltaica,Fotovoltaica,Con permisos,RdD,3503
CCAA,Andalucía,,,,,,capacidad_acceso,fotovoltaica,Fotovoltaica,Puesta en servicio,RdT,4541.11
CCAA,Andalucía,,,,,,capacidad_acceso,fotovoltaica,Fotovoltaica,Puesta en servicio,RdD,2517.59
CCAA,Andalucía,,,,,,capacidad_acceso,almacenamiento,Baterías,En curso,RdT,1047.56
CCAA,Andalucía,,,,,,capacidad_acceso,almacenamiento,Baterías,En curso,RdD,84.9
CCAA,Andalucía,,,,,,capacidad_acceso,almacenamiento,Baterías,Con permisos,RdT,941
CCAA,Andalucía,,,,,,capacidad_acceso,almacenamiento,Baterías,Con permisos,RdD,821
CCAA,Andalucía,,,,,,capacidad_acceso,hibridacion,Hibridación,En curso,RdT,389.2
CCAA,Andalucía,,,,,,capacidad_acceso,hibridacion,Hibridación,En curso,RdD,81.2
CCAA,Andalucía,,,,,,capacidad_acceso,hibridacion,Hibridación,Con permisos,RdT,1096
CCAA,Andalucía,,,,,,capacidad_acceso,hibridacion,Hibridación,Con permisos,RdD,324
CCAA,Andalucía,,,,,,capacidad_acceso,hibridacion,Hibridación,Puesta en servicio,RdT,3491.34
CCAA,Andalucía,,,,,,capacidad_acceso,hibridacion,Hibridación,Puesta en servicio,RdD,701.68
CCAA,Andalucía,,,,,,capacidad_acceso,termosolar,Termosolar,Puesta en servicio,RdT,549.6
CCAA,Andalucía,,,,,,capacidad_acceso,termosolar,Termosolar,Puesta en servicio,RdD,266.9
CCAA,Andalucía,,,,,,capacidad_acceso,hidraulica,Hidráulica,Con permisos,RdT,
CCAA,Andalucía,,,,,,capacidad_acceso,hidraulica,Hidráulica,Con permisos,RdD,7
CCAA,Andalucía,,,,,,capacidad_acceso,hidraulica,Hidráulica,Puesta en servicio,RdT,
CCAA,Andalucía,,,,,,capacidad_acceso,hidraulica,Hidráulica,Puesta en servicio,RdD,572.53
CCAA,Andalucía,,,,,,capacidad_acceso,bombeo,Bombeo,En curso,RdT,150
CCAA,Andalucía,,,,,,capacidad_acceso,bombeo,Bombeo,En curso,RdD,
CCAA,Andalucía,,,,,,capacidad_acceso,bombeo,Bombeo,Con permisos,RdT,356
CCAA,Andalucía,,,,,,capacidad_acceso,bombeo,Bombeo,Con permisos,RdD,
CCAA,Andalucía,,,,,,capacidad_acceso,bombeo,Bombeo,Puesta en servicio,RdT,570
CCAA,Andalucía,,,,,,capacidad_acceso,bombeo,Bombeo,Puesta en servicio,RdD,
CCAA,Andalucía,,,,,,capacidad_acceso,otras,Otras tecnologías,En curso,RdT,2286.16
CCAA,Andalucía,,,,,,capacidad_acceso,otras,Otras tecnologías,En curso,RdD,
CCAA,Andalucía,,,,,,capacidad_acceso,otras,Otras tecnologías,Con permisos,RdT,
CCAA,Andalucía,,,,,,capacidad_acceso,otras,Otras tecnologías,Con permisos,RdD,60
CCAA,Andalucía,,,,,,capacidad_acceso,otras,Otras tecnologías,Puesta en servicio,RdT,5770.67
CCAA,Andalucía,,,,,,capacidad_acceso,otras,Otras tecnologías,Puesta en servicio,RdD,1001.42
CCAA,Andalucía,,,,,,potencia_instalada,eolica,Eólica,En curso,RdT,593.93
CCAA,Andalucía,,,,,,potencia_instalada,eolica,Eólica,En curso,RdD,146.18
CCAA,Andalucía,,,,,,potencia_instalada,eolica,Eólica,Con permisos,RdT,1353
CCAA,Andalucía,,,,,,potencia_instalada,eolica,Eólica,Con permisos,RdD,476
CCAA,Andalucía,,,,,,potencia_instalada,eolica,Eólica,Puesta en servicio,RdT,2488.02
CCAA,Andalucía,,,,,,potencia_instalada,eolica,Eólica,Puesta en servicio,RdD,1071.51
CCAA,Andalucía,,,,,,potencia_instalada,fotovoltaica,Fotovoltaica,En curso,RdT,1930.92
CCAA,Andalucía,,,,,,potencia_instalada,fotovoltaica,Fotovoltaica,En curso,RdD,1636.67
CCAA,Andalucía,,,,,,potencia_instalada,fotovoltaica,Fotovoltaica,Con permisos,RdT,9828
CCAA,Andalucía,,,,,,potencia_instalada,fotovoltaica,Fotovoltaica,Con permisos,RdD,4288
CCAA,Andalucía,,,,,,potencia_instalada,fotovoltaica,Fotovoltaica,Puesta en servicio,RdT,7950.31
CCAA,Andalucía,,,,,,potencia_instalada,fotovoltaica,Fotovoltaica,Puesta en servicio,RdD,3279.62
CCAA,Andalucía,,,,,,potencia_instalada,almacenamiento,Baterías,En curso,RdT,1057.56
CCAA,Andalucía,,,,,,potencia_instalada,almacenamiento,Baterías,En curso,RdD,151.12
CCAA,Andalucía,,,,,,potencia_instalada,almacenamiento,Baterías,Con permisos,RdT,3548
CCAA,Andalucía,,,,,,potencia_instalada,almacenamiento,Baterías,Con permisos,RdD,1413
CCAA,Andalucía,,,,,,potencia_instalada,almacenamiento,Baterías,Puesta en servicio,RdT,28.78
CCAA,Andalucía,,,,,,potencia_instalada,almacenamiento,Baterías,Puesta en servicio,RdD,0.6
CCAA,Andalucía,,,,,,potencia_instalada,termosolar,Termosolar,Con permisos,RdT,
CCAA,Andalucía,,,,,,potencia_instalada,termosolar,Termosolar,Con permisos,RdD,31
CCAA,Andalucía,,,,,,potencia_instalada,termosolar,Termosolar,Puesta en servicio,RdT,699.6
CCAA,Andalucía,,,,,,potencia_instalada,termosolar,Termosolar,Puesta en servicio,RdD,266.9
CCAA,Andalucía,,,,,,potencia_instalada,hidraulica,Hidráulica,Con permisos,RdT,
CCAA,Andalucía,,,,,,potencia_instalada,hidraulica,Hidráulica,Con permisos,RdD,6
CCAA,Andalucía,,,,,,potencia_instalada,hidraulica,Hidráulica,Puesta en servicio,RdT,34.1
CCAA,Andalucía,,,,,,potencia_instalada,hidraulica,Hidráulica,Puesta en servicio,RdD,572.53
CCAA,Andalucía,,,,,,potencia_instalada,bombeo,Bombeo,En curso,RdT,150
CCAA,Andalucía,,,,,,potencia_instalada,bombeo,Bombeo,En curso,RdD,
CCAA,Andalucía,,,,,,potencia_instalada,bombeo,Bombeo,Con permisos,RdT,356
CCAA,Andalucía,,,,,,potencia_instalada,bombeo,Bombeo,Con permisos,RdD,
CCAA,Andalucía,,,,,,potencia_instalada,bombeo,Bombeo,Puesta en servicio,RdT,584.87
CCAA,Andalucía,,,,,,potencia_instalada,bombeo,Bombeo,Puesta en servicio,RdD,
CCAA,Andalucía,,,,,,potencia_instalada,otras,Otras tecnologías,En curso,RdT,2706.63
CCAA,Andalucía,,,,,,potencia_instalada,otras,Otras tecnologías,En curso,RdD,
CCAA,Andalucía,,,,,,potencia_instalada,otras,Otras tecnologías,Con permisos,RdT,
CCAA,Andalucía,,,,,,potencia_instalada,otras,Otras tecnologías,Con permisos,RdD,61
CCAA,Andalucía,,,,,,potencia_instalada,otras,Otras tecnologías,Puesta en servicio,RdT,6762.2
CCAA,Andalucía,,,,,,potencia_instalada,otras,Otras tecnologías,Puesta en servicio,RdD,1011.41
CCAA,Aragón,,,,,,capacidad_acceso,eolica,Eólica,En curso,RdT,1401.39
CCAA,Aragón,,,,,,capacidad_acceso,eolica,Eólica,En curso,RdD,
CCAA,Aragón,,,,,,capacidad_acceso,eolica,Eólica,Con permisos,RdT,2302
CCAA,Aragón,,,,,,capacidad_acceso,eolica,Eólica,Con permisos,RdD,376
CCAA,Aragón,,,,,,capacidad_acceso,eolica,Eólica,Puesta en servicio,RdT,2602.5
CCAA,Aragón,,,,,,capacidad_acceso,eolica,Eólica,Puesta en servicio,RdD,1322.37
CCAA,Aragón,,,,,,capacidad_acceso,fotovoltaica,Fotovoltaica,En curso,RdT,479.72
CCAA,Aragón,,,,,,capacidad_acceso,fotovoltaica,Fotovoltaica,En curso,RdD,
CCAA,Aragón,,,,,,capacidad_acceso,fotovoltaica,Fotovoltaica,Con permisos,RdT,4356
CCAA,Aragón,,,,,,capacidad_acceso,fotovoltaica,Fotovoltaica,Con permisos,RdD,620
CCAA,Aragón,,,,,,capacidad_acceso,fotovoltaica,Fotovoltaica,Puesta en servicio,RdT,614.42
CCAA,Aragón,,,,,,capacidad_acceso,fotovoltaica,Fotovoltaica,Puesta en servicio,RdD,904.9
CCAA,Aragón,,,,,,capacidad_acceso,almacenamiento,Baterías,En curso,RdT,725.89
CCAA,Aragón,,,,,,capacidad_acceso,almacenamiento,Baterías,En curso,RdD,
CCAA,Aragón,,,,,,capacidad_acceso,almacenamiento,Baterías,Con permisos,RdT,209
CCAA,Aragón,,,,,,capacidad_acceso,almacenamiento,Baterías,Con permisos,RdD,
CCAA,Aragón,,,,,,capacidad_acceso,hibridacion,Hibridación,En curso,RdT,242.45
CCAA,Aragón,,,,,,capacidad_acceso,hibridacion,Hibridación,En curso,RdD,
CCAA,Aragón,,,,,,capacidad_acceso,hibridacion,Hibridación,Con permisos,RdT,2001
CCAA,Aragón,,,,,,capacidad_acceso,hibridacion,Hibridación,Con permisos,RdD,178
CCAA,Aragón,,,,,,capacidad_acceso,hibridacion,Hibridación,Puesta en servicio,RdT,3571.74
CCAA,Aragón,,,,,,capacidad_acceso,hibridacion,Hibridación,Puesta en servicio,RdD,973.51
CCAA,Aragón,,,,,,capacidad_acceso,hidraulica,Hidráulica,Con permisos,RdT,
CCAA,Aragón,,,,,,capacidad_acceso,hidraulica,Hidráulica,Con permisos,RdD,10
CCAA,Aragón,,,,,,capacidad_acceso,hidraulica,Hidráulica,Puesta en servicio,RdT,670.36
CCAA,Aragón,,,,,,capacidad_acceso,hidraulica,Hidráulica,Puesta en servicio,RdD,706.22
CCAA,Aragón,,,,,,capacidad_acceso,bombeo,Bombeo,Puesta en servicio,RdT,221.4
CCAA,Aragón,,,,,,capacidad_acceso,bombeo,Bombeo,Puesta en servicio,RdD,
CCAA,Aragón,,,,,,capacidad_acceso,otras,Otras tecnologías,Con permisos,RdT,26
CCAA,Aragón,,,,,,capacidad_acceso,otras,Otras tecnologías,Con permisos,RdD,62
CCAA,Aragón,,,,,,capacidad_acceso,otras,Otras tecnologías,Puesta en servicio,RdT,1031.76
CCAA,Aragón,,,,,,capacidad_acceso,otras,Otras tecnologías,Puesta en servicio,RdD,435.91
CCAA,Aragón,,,,,,potencia_instalada,eolica,Eólica,En curso,RdT,1758.52
CCAA,Aragón,,,,,,potencia_instalada,eolica,Eólica,En curso,RdD,
CCAA,Aragón,,,,,,potencia_instalada,eolica,Eólica,Con permisos,RdT,4983
CCAA,Aragón,,,,,,potencia_instalada,eolica,Eólica,Con permisos,RdD,616
CCAA,Aragón,,,,,,potencia_instalada,eolica,Eólica,Puesta en servicio,RdT,3766.44
CCAA,Aragón,,,,,,potencia_instalada,eolica,Eólica,Puesta en servicio,RdD,1657.33
CCAA,Aragón,,,,,,potencia_instalada,fotovoltaica,Fotovoltaica,En curso,RdT,597.3
CCAA,Aragón,,,,,,potencia_instalada,fotovoltaica,Fotovoltaica,En curso,RdD,
CCAA,Aragón,,,,,,potencia_instalada,fotovoltaica,Fotovoltaica,Con permisos,RdT,7520
CCAA,Aragón,,,,,,potencia_instalada,fotovoltaica,Fotovoltaica,Con permisos,RdD,1042
CCAA,Aragón,,,,,,potencia_instalada,fotovoltaica,Fotovoltaica,Puesta en servicio,RdT,2250.44
CCAA,Aragón,,,,,,potencia_instalada,fotovoltaica,Fotovoltaica,Puesta en servicio,RdD,1602.72
CCAA,Aragón,,,,,,potencia_instalada,almacenamiento,Baterías,En curso,RdT,741.89
CCAA,Aragón,,,,,,potencia_instalada,almacenamiento,Baterías,En curso,RdD,
CCAA,Aragón,,,,,,potencia_instalada,almacenamiento,Baterías,Con permisos,RdT,1346
CCAA,Aragón,,,,,,potencia_instalada,almacenamiento,Baterías,Con permisos,RdD,473
CCAA,Aragón,,,,,,potencia_instalada,hidraulica,Hidráulica,Con permisos,RdT,
CCAA,Aragón,,,,,,potencia_instalada,hidraulica,Hidráulica,Con permisos,RdD,13
CCAA,Aragón,,,,,,potencia_instalada,hidraulica,Hidráulica,Puesta en servicio,RdT,674.99
CCAA,Aragón,,,,,,potencia_instalada,hidraulica,Hidráulica,Puesta en servicio,RdD,706.22
CCAA,Aragón,,,,,,potencia_instalada,bombeo,Bombeo,Puesta en servicio,RdT,219.14
CCAA,Aragón,,,,,,potencia_instalada,bombeo,Bombeo,Puesta en servicio,RdD,
CCAA,Aragón,,,,,,potencia_instalada,otras,Otras tecnologías,Con permisos,RdT,68
CCAA,Aragón,,,,,,potencia_instalada,otras,Otras tecnologías,Con permisos,RdD,118
CCAA,Aragón,,,,,,potencia_instalada,otras,Otras tecnologías,Puesta en servicio,RdT,2110.41
CCAA,Aragón,,,,,,potencia_instalada,otras,Otras tecnologías,Puesta en servicio,RdD,493.55
CCAA,Asturias,,,,,,capacidad_acceso,eolica,Eólica,En curso,RdT,
CCAA,Asturias,,,,,,capacidad_acceso,eolica,Eólica,En curso,RdD,122
CCAA,Asturias,,,,,,capacidad_acceso,eolica,Eólica,Con permisos,RdT,315
CCAA,Asturias,,,,,,capacidad_acceso,eolica,Eólica,Con permisos,RdD,341
CCAA,Asturias,,,,,,capacidad_acceso,eolica,Eólica,Puesta en servicio,RdT,
CCAA,Asturias,,,,,,capacidad_acceso,eolica,Eólica,Puesta en servicio,RdD,697.08
CCAA,Asturias,,,,,,capacidad_acceso,fotovoltaica,Fotovoltaica,En curso,RdT,
CCAA,Asturias,,,,,,capacidad_acceso,fotovoltaica,Fotovoltaica,En curso,RdD,39.6
CCAA,Asturias,,,,,,capacidad_acceso,fotovoltaica,Fotovoltaica,Con permisos,RdT,
CCAA,Asturias,,,,,,capacidad_acceso,fotovoltaica,Fotovoltaica,Con permisos,RdD,27
CCAA,Asturias,,,,,,capacidad_acceso,almacenamiento,Baterías,En curso,RdT,100
CCAA,Asturias,,,,,,capacidad_acceso,almacenamiento,Baterías,En curso,RdD,452.77
CCAA,Asturias,,,,,,capacidad_acceso,almacenamiento,Baterías,Con permisos,RdT,24
CCAA,Asturias,,,,,,capacidad_acceso,almacenamiento,Baterías,Con permisos,RdD,765
CCAA,Asturias,,,,,,capacidad_acceso,hibridacion,Hibridación,Con permisos,RdT,
CCAA,Asturias,,,,,,capacidad_acceso,hibridacion,Hibridación,Con permisos,RdD,8
CCAA,Asturias,,,,,,capacidad_acceso,hidraulica,Hidráulica,Con permisos,RdT,
CCAA,Asturias,,,,,,capacidad_acceso,hidraulica,Hidráulica,Con permisos,RdD,5
CCAA,Asturias,,,,,,capacidad_acceso,hidraulica,Hidráulica,Puesta en servicio,RdT,
CCAA,Asturias,,,,,,capacidad_acceso,hidraulica,Hidráulica,Puesta en servicio,RdD,867.54
CCAA,Asturias,,,,,,capacidad_acceso,bombeo,Bombeo,Con permisos,RdT,247
CCAA,Asturias,,,,,,capacidad_acceso,bombeo,Bombeo,Con permisos,RdD,
CCAA,Asturias,,,,,,capacidad_acceso,otras,Otras tecnologías,En curso,RdT,904.17
CCAA,Asturias,,,,,,capacidad_acceso,otras,Otras tecnologías,En curso,RdD,15.2
CCAA,Asturias,,,,,,capacidad_acceso,otras,Otras tecnologías,Con permisos,RdT,50
CCAA,Asturias,,,,,,capacidad_acceso,otras,Otras tecnologías,Con permisos,RdD,
CCAA,Asturias,,,,,,capacidad_acceso,otras,Otras tecnologías,Puesta en servicio,RdT,1410.37
CCAA,Asturias,,,,,,capacidad_acceso,otras,Otras tecnologías,Puesta en servicio,RdD,165.6
CCAA,Asturias,,,,,,potencia_instalada,eolica,Eólica,En curso,RdT,
CCAA,Asturias,,,,,,potencia_instalada,eolica,Eólica,En curso,RdD,122
CCAA,Asturias,,,,,,potencia_instalada,eolica,Eólica,Con permisos,RdT,315
CCAA,Asturias,,,,,,potencia_instalada,eolica,Eólica,Con permisos,RdD,348
CCAA,Asturias,,,,,,potencia_instalada,eolica,Eólica,Puesta en servicio,RdT,
CCAA,Asturias,,,,,,potencia_instalada,eolica,Eólica,Puesta en servicio,RdD,697.08
CCAA,Asturias,,,,,,potencia_instalada,fotovoltaica,Fotovoltaica,En curso,RdT,
CCAA,Asturias,,,,,,potencia_instalada,fotovoltaica,Fotovoltaica,En curso,RdD,44.6
CCAA,Asturias,,,,,,potencia_instalada,fotovoltaica,Fotovoltaica,Con permisos,RdT,
CCAA,Asturias,,,,,,potencia_instalada,fotovoltaica,Fotovoltaica,Con permisos,RdD,27
CCAA,Asturias,,,,,,potencia_instalada,almacenamiento,Baterías,En curso,RdT,100
CCAA,Asturias,,,,,,potencia_instalada,almacenamiento,Baterías,En curso,RdD,466.75
CCAA,Asturias,,,,,,potencia_instalada,almacenamiento,Baterías,Con permisos,RdT,24
CCAA,Asturias,,,,,,potencia_instalada,almacenamiento,Baterías,Con permisos,RdD,823
CCAA,Asturias,,,,,,potencia_instalada,hidraulica,Hidráulica,En curso,RdT,
CCAA,Asturias,,,,,,potencia_instalada,hidraulica,Hidráulica,En curso,RdD,15.2
CCAA,Asturias,,,,,,potencia_instalada,hidraulica,Hidráulica,Con permisos,RdT,
CCAA,Asturias,,,,,,potencia_instalada,hidraulica,Hidráulica,Con permisos,RdD,5
CCAA,Asturias,,,,,,potencia_instalada,hidraulica,Hidráulica,Puesta en servicio,RdT,
CCAA,Asturias,,,,,,potencia_instalada,hidraulica,Hidráulica,Puesta en servicio,RdD,867.54
CCAA,Asturias,,,,,,potencia_instalada,bombeo,Bombeo,Con permisos,RdT,265
CCAA,Asturias,,,,,,potencia_instalada,bombeo,Bombeo,Con permisos,RdD,
CCAA,Asturias,,,,,,potencia_instalada,otras,Otras tecnologías,En curso,RdT,1250.42
CCAA,Asturias,,,,,,potencia_instalada,otras,Otras tecnologías,En curso,RdD,
CCAA,Asturias,,,,,,potencia_instalada,otras,Otras tecnologías,Con permisos,RdT,50
CCAA,Asturias,,,,,,potencia_instalada,otras,Otras tecnologías,Con permisos,RdD,
CCAA,Asturias,,,,,,potencia_instalada,otras,Otras tecnologías,Puesta en servicio,RdT,1762.31
CCAA,Asturias,,,,,,potencia_instalada,otras,Otras tecnologías,Puesta en servicio,RdD,521.21
CCAA,Canarias,,,,,,capacidad_acceso,eolica,Eólica,En curso,RdT,34.8
CCAA,Canarias,,,,,,capacidad_acceso,eolica,Eólica,En curso,RdD,
CCAA,Canarias,,,,,,capacidad_acceso,eolica,Eólica,Con permisos,RdT,198
CCAA,Canarias,,,,,,capacidad_acceso,eolica,Eólica,Con permisos,RdD,66
CCAA,Canarias,,,,,,capacidad_acceso,eolica,Eólica,Puesta en servicio,RdT,368.07
CCAA,Canarias,,,,,,capacidad_acceso,eolica,Eólica,Puesta en servicio,RdD,134.56
CCAA,Canarias,,,,,,capacidad_acceso,fotovoltaica,Fotovoltaica,En curso,RdT,25.6
CCAA,Canarias,,,,,,capacidad_acceso,fotovoltaica,Fotovoltaica,En curso,RdD,
CCAA,Canarias,,,,,,capacidad_acceso,fotovoltaica,Fotovoltaica,Con permisos,RdT,87
CCAA,Canarias,,,,,,capacidad_acceso,fotovoltaica,Fotovoltaica,Con permisos,RdD,236
CCAA,Canarias,,,,,,capacidad_acceso,fotovoltaica,Fotovoltaica,Puesta en servicio,RdT,100.58
CCAA,Canarias,,,,,,capacidad_acceso,fotovoltaica,Fotovoltaica,Puesta en servicio,RdD,137.03
CCAA,Canarias,,,,,,capacidad_acceso,almacenamiento,Baterías,En curso,RdT,32
CCAA,Canarias,,,,,,capacidad_acceso,almacenamiento,Baterías,En curso,RdD,
CCAA,Canarias,,,,,,capacidad_acceso,almacenamiento,Baterías,Con permisos,RdT,138
CCAA,Canarias,,,,,,capacidad_acceso,almacenamiento,Baterías,Con permisos,RdD,557
CCAA,Canarias,,,,,,capacidad_acceso,almacenamiento,Baterías,Puesta en servicio,RdT,
CCAA,Canarias,,,,,,capacidad_acceso,almacenamiento,Baterías,Puesta en servicio,RdD,4
CCAA,Canarias,,,,,,capacidad_acceso,hibridacion,Hibridación,Con permisos,RdT,29
CCAA,Canarias,,,,,,capacidad_acceso,hibridacion,Hibridación,Con permisos,RdD,39
CCAA,Canarias,,,,,,capacidad_acceso,hibridacion,Hibridación,Puesta en servicio,RdT,151.95
CCAA,Canarias,,,,,,capacidad_acceso,hibridacion,Hibridación,Puesta en servicio,RdD,27.5
CCAA,Canarias,,,,,,capacidad_acceso,hidraulica,Hidráulica,Con permisos,RdT,
CCAA,Canarias,,,,,,capacidad_acceso,hidraulica,Hidráulica,Con permisos,RdD,11
CCAA,Canarias,,,,,,capacidad_acceso,hidraulica,Hidráulica,Puesta en servicio,RdT,
CCAA,Canarias,,,,,,capacidad_acceso,hidraulica,Hidráulica,Puesta en servicio,RdD,0.76
CCAA,Canarias,,,,,,capacidad_acceso,otras,Otras tecnologías,En curso,RdT,
CCAA,Canarias,,,,,,capacidad_acceso,otras,Otras tecnologías,En curso,RdD,0.64
CCAA,Canarias,,,,,,capacidad_acceso,otras,Otras tecnologías,Puesta en servicio,RdT,2566.15
CCAA,Canarias,,,,,,capacidad_acceso,otras,Otras tecnologías,Puesta en servicio,RdD,9.57
CCAA,Canarias,,,,,,potencia_instalada,eolica,Eólica,En curso,RdT,34.85
CCAA,Canarias,,,,,,potencia_instalada,eolica,Eólica,En curso,RdD,
CCAA,Canarias,,,,,,potencia_instalada,eolica,Eólica,Con permisos,RdT,223
CCAA,Canarias,,,,,,potencia_instalada,eolica,Eólica,Con permisos,RdD,100
CCAA,Canarias,,,,,,potencia_instalada,eolica,Eólica,Puesta en servicio,RdT,483.22
CCAA,Canarias,,,,,,potencia_instalada,eolica,Eólica,Puesta en servicio,RdD,162.31
CCAA,Canarias,,,,,,potencia_instalada,fotovoltaica,Fotovoltaica,En curso,RdT,30
CCAA,Canarias,,,,,,potencia_instalada,fotovoltaica,Fotovoltaica,En curso,RdD,
CCAA,Canarias,,,,,,potencia_instalada,fotovoltaica,Fotovoltaica,Con permisos,RdT,170
CCAA,Canarias,,,,,,potencia_instalada,fotovoltaica,Fotovoltaica,Con permisos,RdD,322
CCAA,Canarias,,,,,,potencia_instalada,fotovoltaica,Fotovoltaica,Puesta en servicio,RdT,165.8
CCAA,Canarias,,,,,,potencia_instalada,fotovoltaica,Fotovoltaica,Puesta en servicio,RdD,144.76
CCAA,Canarias,,,,,,potencia_instalada,almacenamiento,Baterías,En curso,RdT,32
CCAA,Canarias,,,,,,potencia_instalada,almacenamiento,Baterías,En curso,RdD,
CCAA,Canarias,,,,,,potencia_instalada,almacenamiento,Baterías,Con permisos,RdT,238
CCAA,Canarias,,,,,,potencia_instalada,almacenamiento,Baterías,Con permisos,RdD,679
CCAA,Canarias,,,,,,potencia_instalada,almacenamiento,Baterías,Puesta en servicio,RdT,5.08
CCAA,Canarias,,,,,,potencia_instalada,almacenamiento,Baterías,Puesta en servicio,RdD,4
CCAA,Canarias,,,,,,potencia_instalada,hidraulica,Hidráulica,Con permisos,RdT,
CCAA,Canarias,,,,,,potencia_instalada,hidraulica,Hidráulica,Con permisos,RdD,11
CCAA,Canarias,,,,,,potencia_instalada,hidraulica,Hidráulica,Puesta en servicio,RdT,
CCAA,Canarias,,,,,,potencia_instalada,hidraulica,Hidráulica,Puesta en servicio,RdD,0.76
CCAA,Canarias,,,,,,potencia_instalada,otras,Otras tecnologías,En curso,RdT,74.6
CCAA,Canarias,,,,,,potencia_instalada,otras,Otras tecnologías,En curso,RdD,0.64
CCAA,Canarias,,,,,,potencia_instalada,otras,Otras tecnologías,Con permisos,RdT,102
CCAA,Canarias,,,,,,potencia_instalada,otras,Otras tecnologías,Con permisos,RdD,13
CCAA,Canarias,,,,,,potencia_instalada,otras,Otras tecnologías,Puesta en servicio,RdT,2334.18
CCAA,Canarias,,,,,,potencia_instalada,otras,Otras tecnologías,Puesta en servicio,RdD,7.27
CCAA,Cantabria,,,,,,capacidad_acceso,eolica,Eólica,En curso,RdT,26.76
CCAA,Cantabria,,,,,,capacidad_acceso,eolica,Eólica,En curso,RdD,
CCAA,Cantabria,,,,,,capacidad_acceso,eolica,Eólica,Con permisos,RdT,534
CCAA,Cantabria,,,,,,capacidad_acceso,eolica,Eólica,Con permisos,RdD,224
CCAA,Cantabria,,,,,,capacidad_acceso,eolica,Eólica,Puesta en servicio,RdT,
CCAA,Cantabria,,,,,,capacidad_acceso,eolica,Eólica,Puesta en servicio,RdD,167.8
CCAA,Cantabria,,,,,,capacidad_acceso,fotovoltaica,Fotovoltaica,En curso,RdT,0.05
CCAA,Cantabria,,,,,,capacidad_acceso,fotovoltaica,Fotovoltaica,En curso,RdD,
CCAA,Cantabria,,,,,,capacidad_acceso,fotovoltaica,Fotovoltaica,Con permisos,RdT,
CCAA,Cantabria,,,,,,capacidad_acceso,fotovoltaica,Fotovoltaica,Con permisos,RdD,24
CCAA,Cantabria,,,,,,capacidad_acceso,fotovoltaica,Fotovoltaica,Puesta en servicio,RdT,
CCAA,Cantabria,,,,,,capacidad_acceso,fotovoltaica,Fotovoltaica,Puesta en servicio,RdD,11.19
CCAA,Cantabria,,,,,,capacidad_acceso,almacenamiento,Baterías,En curso,RdT,
CCAA,Cantabria,,,,,,capacidad_acceso,almacenamiento,Baterías,En curso,RdD,105
CCAA,Cantabria,,,,,,capacidad_acceso,almacenamiento,Baterías,Con permisos,RdT,167
CCAA,Cantabria,,,,,,capacidad_acceso,almacenamiento,Baterías,Con permisos,RdD,160
CCAA,Cantabria,,,,,,capacidad_acceso,hibridacion,Hibridación,Con permisos,RdT,105
CCAA,Cantabria,,,,,,capacidad_acceso,hibridacion,Hibridación,Con permisos,RdD,
CCAA,Cantabria,,,,,,capacidad_acceso,hidraulica,Hidráulica,Puesta en servicio,RdT,
CCAA,Cantabria,,,,,,capacidad_acceso,hidraulica,Hidráulica,Puesta en servicio,RdD,103.41
CCAA,Cantabria,,,,,,capacidad_acceso,bombeo,Bombeo,Con permisos,RdT,993
CCAA,Cantabria,,,,,,capacidad_acceso,bombeo,Bombeo,Con permisos,RdD,
CCAA,Cantabria,,,,,,capacidad_acceso,bombeo,Bombeo,Puesta en servicio,RdT,361.9
CCAA,Cantabria,,,,,,capacidad_acceso,bombeo,Bombeo,Puesta en servicio,RdD,
CCAA,Cantabria,,,,,,capacidad_acceso,otras,Otras tecnologías,Con permisos,RdT,
CCAA,Cantabria,,,,,,capacidad_acceso,otras,Otras tecnologías,Con permisos,RdD,17
CCAA,Cantabria,,,,,,capacidad_acceso,otras,Otras tecnologías,Puesta en servicio,RdT,175.7
CCAA,Cantabria,,,,,,capacidad_acceso,otras,Otras tecnologías,Puesta en servicio,RdD,237.63
CCAA,Cantabria,,,,,,potencia_instalada,eolica,Eólica,En curso,RdT,26.76
CCAA,Cantabria,,,,,,potencia_instalada,eolica,Eólica,En curso,RdD,
CCAA,Cantabria,,,,,,potencia_instalada,eolica,Eólica,Con permisos,RdT,647
CCAA,Cantabria,,,,,,potencia_instalada,eolica,Eólica,Con permisos,RdD,229
CCAA,Cantabria,,,,,,potencia_instalada,eolica,Eólica,Puesta en servicio,RdT,
CCAA,Cantabria,,,,,,potencia_instalada,eolica,Eólica,Puesta en servicio,RdD,167.8
CCAA,Cantabria,,,,,,potencia_instalada,fotovoltaica,Fotovoltaica,En curso,RdT,0.05
CCAA,Cantabria,,,,,,potencia_instalada,fotovoltaica,Fotovoltaica,En curso,RdD,
CCAA,Cantabria,,,,,,potencia_instalada,fotovoltaica,Fotovoltaica,Con permisos,RdT,
CCAA,Cantabria,,,,,,potencia_instalada,fotovoltaica,Fotovoltaica,Con permisos,RdD,25
CCAA,Cantabria,,,,,,potencia_instalada,fotovoltaica,Fotovoltaica,Puesta en servicio,RdT,
CCAA,Cantabria,,,,,,potencia_instalada,fotovoltaica,Fotovoltaica,Puesta en servicio,RdD,11.2
CCAA,Cantabria,,,,,,potencia_instalada,almacenamiento,Baterías,En curso,RdT,
CCAA,Cantabria,,,,,,potencia_instalada,almacenamiento,Baterías,En curso,RdD,105
CCAA,Cantabria,,,,,,potencia_instalada,almacenamiento,Baterías,Con permisos,RdT,314
CCAA,Cantabria,,,,,,potencia_instalada,almacenamiento,Baterías,Con permisos,RdD,175
CCAA,Cantabria,,,,,,potencia_instalada,hidraulica,Hidráulica,Puesta en servicio,RdT,
CCAA,Cantabria,,,,,,potencia_instalada,hidraulica,Hidráulica,Puesta en servicio,RdD,103.41
CCAA,Cantabria,,,,,,potencia_instalada,bombeo,Bombeo,Con permisos,RdT,993
CCAA,Cantabria,,,,,,potencia_instalada,bombeo,Bombeo,Con permisos,RdD,
CCAA,Cantabria,,,,,,potencia_instalada,bombeo,Bombeo,Puesta en servicio,RdT,360.6
CCAA,Cantabria,,,,,,potencia_instalada,bombeo,Bombeo,Puesta en servicio,RdD,
CCAA,Cantabria,,,,,,potencia_instalada,otras,Otras tecnologías,Con permisos,RdT,
CCAA,Cantabria,,,,,,potencia_instalada,otras,Otras tecnologías,Con permisos,RdD,54
CCAA,Cantabria,,,,,,potencia_instalada,otras,Otras tecnologías,Puesta en servicio,RdT,175.7
CCAA,Cantabria,,,,,,potencia_instalada,otras,Otras tecnologías,Puesta en servicio,RdD,237.63
CCAA,Castilla y León,,,,,,capacidad_acceso,eolica,Eólica,En curso,RdT,5413.95
CCAA,Castilla y León,,,,,,capacidad_acceso,eolica,Eólica,En curso,RdD,258.21
CCAA,Castilla y León,,,,,,capacidad_acceso,eolica,Eólica,Con permisos,RdT,2059
CCAA,Castilla y León,,,,,,capacidad_acceso,eolica,Eólica,Con permisos,RdD,115
CCAA,Castilla y León,,,,,,capacidad_acceso,eolica,Eólica,Puesta en servicio,RdT,3937.36
CCAA,Castilla y León,,,,,,capacidad_acceso,eolica,Eólica,Puesta en servicio,RdD,835.94
CCAA,Castilla y León,,,,,,capacidad_acceso,fotovoltaica,Fotovoltaica,En curso,RdT,2516.36
CCAA,Castilla y León,,,,,,capacidad_acceso,fotovoltaica,Fotovoltaica,En curso,RdD,306.75
CCAA,Castilla y León,,,,,,capacidad_acceso,fotovoltaica,Fotovoltaica,Con permisos,RdT,6090
CCAA,Castilla y León,,,,,,capacidad_acceso,fotovoltaica,Fotovoltaica,Con permisos,RdD,276
CCAA,Castilla y León,,,,,,capacidad_acceso,fotovoltaica,Fotovoltaica,Puesta en servicio,RdT,2074.28
CCAA,Castilla y León,,,,,,capacidad_acceso,fotovoltaica,Fotovoltaica,Puesta en servicio,RdD,1391.38
CCAA,Castilla y León,,,,,,capacidad_acceso,almacenamiento,Baterías,En curso,RdT,2194.32
CCAA,Castilla y León,,,,,,capacidad_acceso,almacenamiento,Baterías,En curso,RdD,39.49
CCAA,Castilla y León,,,,,,capacidad_acceso,almacenamiento,Baterías,Con permisos,RdT,313
CCAA,Castilla y León,,,,,,capacidad_acceso,almacenamiento,Baterías,Con permisos,RdD,1
CCAA,Castilla y León,,,,,,capacidad_acceso,hibridacion,Hibridación,En curso,RdT,225.33
CCAA,Castilla y León,,,,,,capacidad_acceso,hibridacion,Hibridación,En curso,RdD,19.2
CCAA,Castilla y León,,,,,,capacidad_acceso,hibridacion,Hibridación,Con permisos,RdT,2122
CCAA,Castilla y León,,,,,,capacidad_acceso,hibridacion,Hibridación,Con permisos,RdD,100
CCAA,Castilla y León,,,,,,capacidad_acceso,hibridacion,Hibridación,Puesta en servicio,RdT,3914.38
CCAA,Castilla y León,,,,,,capacidad_acceso,hibridacion,Hibridación,Puesta en servicio,RdD,311.17
CCAA,Castilla y León,,,,,,capacidad_acceso,hidraulica,Hidráulica,Con permisos,RdT,
CCAA,Castilla y León,,,,,,capacidad_acceso,hidraulica,Hidráulica,Con permisos,RdD,4
CCAA,Castilla y León,,,,,,capacidad_acceso,hidraulica,Hidráulica,Puesta en servicio,RdT,1968.8
CCAA,Castilla y León,,,,,,capacidad_acceso,hidraulica,Hidráulica,Puesta en servicio,RdD,346.43
CCAA,Castilla y León,,,,,,capacidad_acceso,bombeo,Bombeo,En curso,RdT,834
CCAA,Castilla y León,,,,,,capacidad_acceso,bombeo,Bombeo,En curso,RdD,
CCAA,Castilla y León,,,,,,capacidad_acceso,bombeo,Bombeo,Con permisos,RdT,830
CCAA,Castilla y León,,,,,,capacidad_acceso,bombeo,Bombeo,Con permisos,RdD,
CCAA,Castilla y León,,,,,,capacidad_acceso,bombeo,Bombeo,Puesta en servicio,RdT,1305.5
CCAA,Castilla y León,,,,,,capacidad_acceso,bombeo,Bombeo,Puesta en servicio,RdD,
CCAA,Castilla y León,,,,,,capacidad_acceso,otras,Otras tecnologías,En curso,RdT,
CCAA,Castilla y León,,,,,,capacidad_acceso,otras,Otras tecnologías,En curso,RdD,20
CCAA,Castilla y León,,,,,,capacidad_acceso,otras,Otras tecnologías,Con permisos,RdT,48
CCAA,Castilla y León,,,,,,capacidad_acceso,otras,Otras tecnologías,Con permisos,RdD,63
CCAA,Castilla y León,,,,,,capacidad_acceso,otras,Otras tecnologías,Puesta en servicio,RdT,16
CCAA,Castilla y León,,,,,,capacidad_acceso,otras,Otras tecnologías,Puesta en servicio,RdD,625.89
CCAA,Castilla y León,,,,,,potencia_instalada,eolica,Eólica,En curso,RdT,5586.07
CCAA,Castilla y León,,,,,,potencia_instalada,eolica,Eólica,En curso,RdD,335.68
CCAA,Castilla y León,,,,,,potencia_instalada,eolica,Eólica,Con permisos,RdT,3453
CCAA,Castilla y León,,,,,,potencia_instalada,eolica,Eólica,Con permisos,RdD,221
CCAA,Castilla y León,,,,,,potencia_instalada,eolica,Eólica,Puesta en servicio,RdT,6573.9
CCAA,Castilla y León,,,,,,potencia_instalada,eolica,Eólica,Puesta en servicio,RdD,991.62
CCAA,Castilla y León,,,,,,potencia_instalada,fotovoltaica,Fotovoltaica,En curso,RdT,2957.39
CCAA,Castilla y León,,,,,,potencia_instalada,fotovoltaica,Fotovoltaica,En curso,RdD,399.27
CCAA,Castilla y León,,,,,,potencia_instalada,fotovoltaica,Fotovoltaica,Con permisos,RdT,10652
CCAA,Castilla y León,,,,,,potencia_instalada,fotovoltaica,Fotovoltaica,Con permisos,RdD,533
CCAA,Castilla y León,,,,,,potencia_instalada,fotovoltaica,Fotovoltaica,Puesta en servicio,RdT,4255.33
CCAA,Castilla y León,,,,,,potencia_instalada,fotovoltaica,Fotovoltaica,Puesta en servicio,RdD,1639.91
CCAA,Castilla y León,,,,,,potencia_instalada,almacenamiento,Baterías,En curso,RdT,2229.91
CCAA,Castilla y León,,,,,,potencia_instalada,almacenamiento,Baterías,En curso,RdD,41.73
CCAA,Castilla y León,,,,,,potencia_instalada,almacenamiento,Baterías,Con permisos,RdT,2297
CCAA,Castilla y León,,,,,,potencia_instalada,almacenamiento,Baterías,Con permisos,RdD,108
CCAA,Castilla y León,,,,,,potencia_instalada,almacenamiento,Baterías,Puesta en servicio,RdT,39.78
CCAA,Castilla y León,,,,,,potencia_instalada,almacenamiento,Baterías,Puesta en servicio,RdD,
CCAA,Castilla y León,,,,,,potencia_instalada,hidraulica,Hidráulica,Con permisos,RdT,
CCAA,Castilla y León,,,,,,potencia_instalada,hidraulica,Hidráulica,Con permisos,RdD,4
CCAA,Castilla y León,,,,,,potencia_instalada,hidraulica,Hidráulica,Puesta en servicio,RdT,2040.31
CCAA,Castilla y León,,,,,,potencia_instalada,hidraulica,Hidráulica,Puesta en servicio,RdD,353.51
CCAA,Castilla y León,,,,,,potencia_instalada,bombeo,Bombeo,En curso,RdT,834
CCAA,Castilla y León,,,,,,potencia_instalada,bombeo,Bombeo,En curso,RdD,
CCAA,Castilla y León,,,,,,potencia_instalada,bombeo,Bombeo,Con permisos,RdT,830
CCAA,Castilla y León,,,,,,potencia_instalada,bombeo,Bombeo,Con permisos,RdD,
CCAA,Castilla y León,,,,,,potencia_instalada,bombeo,Bombeo,Puesta en servicio,RdT,1344.47
CCAA,Castilla y León,,,,,,potencia_instalada,bombeo,Bombeo,Puesta en servicio,RdD,
CCAA,Castilla y León,,,,,,potencia_instalada,otras,Otras tecnologías,En curso,RdT,
CCAA,Castilla y León,,,,,,potencia_instalada,otras,Otras tecnologías,En curso,RdD,41.2
CCAA,Castilla y León,,,,,,potencia_instalada,otras,Otras tecnologías,Con permisos,RdT,49
CCAA,Castilla y León,,,,,,potencia_instalada,otras,Otras tecnologías,Con permisos,RdD,84
CCAA,Castilla y León,,,,,,potencia_instalada,otras,Otras tecnologías,Puesta en servicio,RdT,16
CCAA,Castilla y León,,,,,,potencia_instalada,otras,Otras tecnologías,Puesta en servicio,RdD,632.05
CCAA,Castilla La Mancha,,,,,,capacidad_acceso,eolica,Eólica,En curso,RdT,40
CCAA,Castilla La Mancha,,,,,,capacidad_acceso,eolica,Eólica,En curso,RdD,190
CCAA,Castilla La Mancha,,,,,,capacidad_acceso,eolica,Eólica,Con permisos,RdT,123
CCAA,Castilla La Mancha,,,,,,capacidad_acceso,eolica,Eólica,Con permisos,RdD,14
CCAA,Castilla La Mancha,,,,,,capacidad_acceso,eolica,Eólica,Puesta en servicio,RdT,1722.82
CCAA,Castilla La Mancha,,,,,,capacidad_acceso,eolica,Eólica,Puesta en servicio,RdD,551.77
CCAA,Castilla La Mancha,,,,,,capacidad_acceso,fotovoltaica,Fotovoltaica,En curso,RdT,811.73
CCAA,Castilla La Mancha,,,,,,capacidad_acceso,fotovoltaica,Fotovoltaica,En curso,RdD,981.07
CCAA,Castilla La Mancha,,,,,,capacidad_acceso,fotovoltaica,Fotovoltaica,Con permisos,RdT,1616
CCAA,Castilla La Mancha,,,,,,capacidad_acceso,fotovoltaica,Fotovoltaica,Con permisos,RdD,499
CCAA,Castilla La Mancha,,,,,,capacidad_acceso,fotovoltaica,Fotovoltaica,Puesta en servicio,RdT,2370.61
CCAA,Castilla La Mancha,,,,,,capacidad_acceso,fotovoltaica,Fotovoltaica,Puesta en servicio,RdD,1219.39
CCAA,Castilla La Mancha,,,,,,capacidad_acceso,almacenamiento,Baterías,En curso,RdT,265.3
CCAA,Castilla La Mancha,,,,,,capacidad_acceso,almacenamiento,Baterías,En curso,RdD,59.98
CCAA,Castilla La Mancha,,,,,,capacidad_acceso,almacenamiento,Baterías,Con permisos,RdT,20
CCAA,Castilla La Mancha,,,,,,capacidad_acceso,almacenamiento,Baterías,Con permisos,RdD,
CCAA,Castilla La Mancha,,,,,,capacidad_acceso,hibridacion,Hibridación,En curso,RdT,716.16
CCAA,Castilla La Mancha,,,,,,capacidad_acceso,hibridacion,Hibridación,En curso,RdD,65.15
CCAA,Castilla La Mancha,,,,,,capacidad_acceso,hibridacion,Hibridación,Con permisos,RdT,783
CCAA,Castilla La Mancha,,,,,,capacidad_acceso,hibridacion,Hibridación,Con permisos,RdD,474
CCAA,Castilla La Mancha,,,,,,capacidad_acceso,hibridacion,Hibridación,Puesta en servicio,RdT,5230.52
CCAA,Castilla La Mancha,,,,,,capacidad_acceso,hibridacion,Hibridación,Puesta en servicio,RdD,409.38
CCAA,Castilla La Mancha,,,,,,capacidad_acceso,termosolar,Termosolar,Puesta en servicio,RdT,247.6
CCAA,Castilla La Mancha,,,,,,capacidad_acceso,termosolar,Termosolar,Puesta en servicio,RdD,
CCAA,Castilla La Mancha,,,,,,capacidad_acceso,hidraulica,Hidráulica,Puesta en servicio,RdT,
CCAA,Castilla La Mancha,,,,,,capacidad_acceso,hidraulica,Hidráulica,Puesta en servicio,RdD,384.37
CCAA,Castilla La Mancha,,,,,,capacidad_acceso,bombeo,Bombeo,Con permisos,RdT,50
CCAA,Castilla La Mancha,,,,,,capacidad_acceso,bombeo,Bombeo,Con permisos,RdD,
CCAA,Castilla La Mancha,,,,,,capacidad_acceso,bombeo,Bombeo,Puesta en servicio,RdT,208
CCAA,Castilla La Mancha,,,,,,capacidad_acceso,bombeo,Bombeo,Puesta en servicio,RdD,
CCAA,Castilla La Mancha,,,,,,capacidad_acceso,otras,Otras tecnologías,En curso,RdT,
CCAA,Castilla La Mancha,,,,,,capacidad_acceso,otras,Otras tecnologías,En curso,RdD,19.98
CCAA,Castilla La Mancha,,,,,,capacidad_acceso,otras,Otras tecnologías,Con permisos,RdT,50
CCAA,Castilla La Mancha,,,,,,capacidad_acceso,otras,Otras tecnologías,Con permisos,RdD,25
CCAA,Castilla La Mancha,,,,,,capacidad_acceso,otras,Otras tecnologías,Puesta en servicio,RdT,1617.35
CCAA,Castilla La Mancha,,,,,,capacidad_acceso,otras,Otras tecnologías,Puesta en servicio,RdD,518.88
CCAA,Castilla La Mancha,,,,,,potencia_instalada,eolica,Eólica,En curso,RdT,219
CCAA,Castilla La Mancha,,,,,,potencia_instalada,eolica,Eólica,En curso,RdD,190
CCAA,Castilla La Mancha,,,,,,potencia_instalada,eolica,Eólica,Con permisos,RdT,703
CCAA,Castilla La Mancha,,,,,,potencia_instalada,eolica,Eólica,Con permisos,RdD,297
CCAA,Castilla La Mancha,,,,,,potencia_instalada,eolica,Eólica,Puesta en servicio,RdT,3841.63
CCAA,Castilla La Mancha,,,,,,potencia_instalada,eolica,Eólica,Puesta en servicio,RdD,925.29
CCAA,Castilla La Mancha,,,,,,potencia_instalada,fotovoltaica,Fotovoltaica,En curso,RdT,1586.27
CCAA,Castilla La Mancha,,,,,,potencia_instalada,fotovoltaica,Fotovoltaica,En curso,RdD,1094.79
CCAA,Castilla La Mancha,,,,,,potencia_instalada,fotovoltaica,Fotovoltaica,Con permisos,RdT,3717
CCAA,Castilla La Mancha,,,,,,potencia_instalada,fotovoltaica,Fotovoltaica,Con permisos,RdD,1221
CCAA,Castilla La Mancha,,,,,,potencia_instalada,fotovoltaica,Fotovoltaica,Puesta en servicio,RdT,6573.95
CCAA,Castilla La Mancha,,,,,,potencia_instalada,fotovoltaica,Fotovoltaica,Puesta en servicio,RdD,1526.64
CCAA,Castilla La Mancha,,,,,,potencia_instalada,almacenamiento,Baterías,En curso,RdT,452.25
CCAA,Castilla La Mancha,,,,,,potencia_instalada,almacenamiento,Baterías,En curso,RdD,96.95
CCAA,Castilla La Mancha,,,,,,potencia_instalada,almacenamiento,Baterías,Con permisos,RdT,2724
CCAA,Castilla La Mancha,,,,,,potencia_instalada,almacenamiento,Baterías,Con permisos,RdD,131
CCAA,Castilla La Mancha,,,,,,potencia_instalada,almacenamiento,Baterías,Puesta en servicio,RdT,62.56
CCAA,Castilla La Mancha,,,,,,potencia_instalada,almacenamiento,Baterías,Puesta en servicio,RdD,
CCAA,Castilla La Mancha,,,,,,potencia_instalada,termosolar,Termosolar,Puesta en servicio,RdT,349.4
CCAA,Castilla La Mancha,,,,,,potencia_instalada,termosolar,Termosolar,Puesta en servicio,RdD,
CCAA,Castilla La Mancha,,,,,,potencia_instalada,hidraulica,Hidráulica,Puesta en servicio,RdT,148.1
CCAA,Castilla La Mancha,,,,,,potencia_instalada,hidraulica,Hidráulica,Puesta en servicio,RdD,384.37
CCAA,Castilla La Mancha,,,,,,potencia_instalada,bombeo,Bombeo,Con permisos,RdT,50
CCAA,Castilla La Mancha,,,,,,potencia_instalada,bombeo,Bombeo,Con permisos,RdD,
CCAA,Castilla La Mancha,,,,,,potencia_instalada,bombeo,Bombeo,Puesta en servicio,RdT,215
CCAA,Castilla La Mancha,,,,,,potencia_instalada,bombeo,Bombeo,Puesta en servicio,RdD,
CCAA,Castilla La Mancha,,,,,,potencia_instalada,otras,Otras tecnologías,Con permisos,RdT,50
CCAA,Castilla La Mancha,,,,,,potencia_instalada,otras,Otras tecnologías,Con permisos,RdD,117
CCAA,Castilla La Mancha,,,,,,potencia_instalada,otras,Otras tecnologías,Puesta en servicio,RdT,1812.15
CCAA,Castilla La Mancha,,,,,,potencia_instalada,otras,Otras tecnologías,Puesta en servicio,RdD,450.07
CCAA,Cataluña,,,,,,capacidad_acceso,eolica,Eólica,En curso,RdT,147
CCAA,Cataluña,,,,,,capacidad_acceso,eolica,Eólica,En curso,RdD,170.7
CCAA,Cataluña,,,,,,capacidad_acceso,eolica,Eólica,Con permisos,RdT,998
CCAA,Cataluña,,,,,,capacidad_acceso,eolica,Eólica,Con permisos,RdD,152
CCAA,Cataluña,,,,,,capacidad_acceso,eolica,Eólica,Puesta en servicio,RdT,985.62
CCAA,Cataluña,,,,,,capacidad_acceso,eolica,Eólica,Puesta en servicio,RdD,166.13
CCAA,Cataluña,,,,,,capacidad_acceso,fotovoltaica,Fotovoltaica,En curso,RdT,430.77
CCAA,Cataluña,,,,,,capacidad_acceso,fotovoltaica,Fotovoltaica,En curso,RdD,334.99
CCAA,Cataluña,,,,,,capacidad_acceso,fotovoltaica,Fotovoltaica,Con permisos,RdT,1093
CCAA,Cataluña,,,,,,capacidad_acceso,fotovoltaica,Fotovoltaica,Con permisos,RdD,1756
CCAA,Cataluña,,,,,,capacidad_acceso,fotovoltaica,Fotovoltaica,Puesta en servicio,RdT,152.6
CCAA,Cataluña,,,,,,capacidad_acceso,fotovoltaica,Fotovoltaica,Puesta en servicio,RdD,208.27
CCAA,Cataluña,,,,,,capacidad_acceso,almacenamiento,Baterías,En curso,RdT,1830.38
CCAA,Cataluña,,,,,,capacidad_acceso,almacenamiento,Baterías,En curso,RdD,265.9
CCAA,Cataluña,,,,,,capacidad_acceso,almacenamiento,Baterías,Con permisos,RdT,1547
CCAA,Cataluña,,,,,,capacidad_acceso,almacenamiento,Baterías,Con permisos,RdD,1353
CCAA,Cataluña,,,,,,capacidad_acceso,hibridacion,Hibridación,En curso,RdT,
CCAA,Cataluña,,,,,,capacidad_acceso,hibridacion,Hibridación,En curso,RdD,7.63
CCAA,Cataluña,,,,,,capacidad_acceso,hibridacion,Hibridación,Con permisos,RdT,199
CCAA,Cataluña,,,,,,capacidad_acceso,hibridacion,Hibridación,Con permisos,RdD,82
CCAA,Cataluña,,,,,,capacidad_acceso,hibridacion,Hibridación,Puesta en servicio,RdT,347.5
CCAA,Cataluña,,,,,,capacidad_acceso,hibridacion,Hibridación,Puesta en servicio,RdD,32.18
CCAA,Cataluña,,,,,,capacidad_acceso,termosolar,Termosolar,Puesta en servicio,RdT,
CCAA,Cataluña,,,,,,capacidad_acceso,termosolar,Termosolar,Puesta en servicio,RdD,22.5
CCAA,Cataluña,,,,,,capacidad_acceso,hidraulica,Hidráulica,Puesta en servicio,RdT,467.08
CCAA,Cataluña,,,,,,capacidad_acceso,hidraulica,Hidráulica,Puesta en servicio,RdD,1253.9
CCAA,Cataluña,,,,,,capacidad_acceso,bombeo,Bombeo,Puesta en servicio,RdT,534
CCAA,Cataluña,,,,,,capacidad_acceso,bombeo,Bombeo,Puesta en servicio,RdD,
CCAA,Cataluña,,,,,,capacidad_acceso,otras,Otras tecnologías,En curso,RdT,869.68
CCAA,Cataluña,,,,,,capacidad_acceso,otras,Otras tecnologías,En curso,RdD,
CCAA,Cataluña,,,,,,capacidad_acceso,otras,Otras tecnologías,Con permisos,RdT,13
CCAA,Cataluña,,,,,,capacidad_acceso,otras,Otras tecnologías,Con permisos,RdD,110
CCAA,Cataluña,,,,,,capacidad_acceso,otras,Otras tecnologías,Puesta en servicio,RdT,6948.41
CCAA,Cataluña,,,,,,capacidad_acceso,otras,Otras tecnologías,Puesta en servicio,RdD,732.69
CCAA,Cataluña,,,,,,potencia_instalada,eolica,Eólica,En curso,RdT,147
CCAA,Cataluña,,,,,,potencia_instalada,eolica,Eólica,En curso,RdD,170.7
CCAA,Cataluña,,,,,,potencia_instalada,eolica,Eólica,Con permisos,RdT,1211
CCAA,Cataluña,,,,,,potencia_instalada,eolica,Eólica,Con permisos,RdD,150
CCAA,Cataluña,,,,,,potencia_instalada,eolica,Eólica,Puesta en servicio,RdT,1184.52
CCAA,Cataluña,,,,,,potencia_instalada,eolica,Eólica,Puesta en servicio,RdD,166.13
CCAA,Cataluña,,,,,,potencia_instalada,fotovoltaica,Fotovoltaica,En curso,RdT,436.33
CCAA,Cataluña,,,,,,potencia_instalada,fotovoltaica,Fotovoltaica,En curso,RdD,349.19
CCAA,Cataluña,,,,,,potencia_instalada,fotovoltaica,Fotovoltaica,Con permisos,RdT,1520
CCAA,Cataluña,,,,,,potencia_instalada,fotovoltaica,Fotovoltaica,Con permisos,RdD,1992
CCAA,Cataluña,,,,,,potencia_instalada,fotovoltaica,Fotovoltaica,Puesta en servicio,RdT,323.29
CCAA,Cataluña,,,,,,potencia_instalada,fotovoltaica,Fotovoltaica,Puesta en servicio,RdD,246.99
CCAA,Cataluña,,,,,,potencia_instalada,almacenamiento,Baterías,En curso,RdT,1901.89
CCAA,Cataluña,,,,,,potencia_instalada,almacenamiento,Baterías,En curso,RdD,278.59
CCAA,Cataluña,,,,,,potencia_instalada,almacenamiento,Baterías,Con permisos,RdT,1669
CCAA,Cataluña,,,,,,potencia_instalada,almacenamiento,Baterías,Con permisos,RdD,1541
CCAA,Cataluña,,,,,,potencia_instalada,termosolar,Termosolar,Puesta en servicio,RdT,
CCAA,Cataluña,,,,,,potencia_instalada,termosolar,Termosolar,Puesta en servicio,RdD,22.5
CCAA,Cataluña,,,,,,potencia_instalada,hidraulica,Hidráulica,Puesta en servicio,RdT,464.56
CCAA,Cataluña,,,,,,potencia_instalada,hidraulica,Hidráulica,Puesta en servicio,RdD,1253.9
CCAA,Cataluña,,,,,,potencia_instalada,bombeo,Bombeo,Puesta en servicio,RdT,532.26
CCAA,Cataluña,,,,,,potencia_instalada,bombeo,Bombeo,Puesta en servicio,RdD,
CCAA,Cataluña,,,,,,potencia_instalada,otras,Otras tecnologías,En curso,RdT,869.68
CCAA,Cataluña,,,,,,potencia_instalada,otras,Otras tecnologías,En curso,RdD,
CCAA,Cataluña,,,,,,potencia_instalada,otras,Otras tecnologías,Con permisos,RdT,13
CCAA,Cataluña,,,,,,potencia_instalada,otras,Otras tecnologías,Con permisos,RdD,145
CCAA,Cataluña,,,,,,potencia_instalada,otras,Otras tecnologías,Puesta en servicio,RdT,7024.3
CCAA,Cataluña,,,,,,potencia_instalada,otras,Otras tecnologías,Puesta en servicio,RdD,741.79
CCAA,Comunidad Valenciana,,,,,,capacidad_acceso,eolica,Eólica,En curso,RdT,302.4
CCAA,Comunidad Valenciana,,,,,,capacidad_acceso,eolica,Eólica,En curso,RdD,162
CCAA,Comunidad Valenciana,,,,,,capacidad_acceso,eolica,Eólica,Con permisos,RdT,823
CCAA,Comunidad Valenciana,,,,,,capacidad_acceso,eolica,Eólica,Con permisos,RdD,160
CCAA,Comunidad Valenciana,,,,,,capacidad_acceso,eolica,Eólica,Puesta en servicio,RdT,825.15
CCAA,Comunidad Valenciana,,,,,,capacidad_acceso,eolica,Eólica,Puesta en servicio,RdD,434.93
CCAA,Comunidad Valenciana,,,,,,capacidad_acceso,fotovoltaica,Fotovoltaica,En curso,RdT,60.05
CCAA,Comunidad Valenciana,,,,,,capacidad_acceso,fotovoltaica,Fotovoltaica,En curso,RdD,300.75
CCAA,Comunidad Valenciana,,,,,,capacidad_acceso,fotovoltaica,Fotovoltaica,Con permisos,RdT,2165
CCAA,Comunidad Valenciana,,,,,,capacidad_acceso,fotovoltaica,Fotovoltaica,Con permisos,RdD,2958
CCAA,Comunidad Valenciana,,,,,,capacidad_acceso,fotovoltaica,Fotovoltaica,Puesta en servicio,RdT,
CCAA,Comunidad Valenciana,,,,,,capacidad_acceso,fotovoltaica,Fotovoltaica,Puesta en servicio,RdD,781.64
CCAA,Comunidad Valenciana,,,,,,capacidad_acceso,almacenamiento,Baterías,En curso,RdT,139.8
CCAA,Comunidad Valenciana,,,,,,capacidad_acceso,almacenamiento,Baterías,En curso,RdD,1507.03
CCAA,Comunidad Valenciana,,,,,,capacidad_acceso,almacenamiento,Baterías,Con permisos,RdT,265
CCAA,Comunidad Valenciana,,,,,,capacidad_acceso,almacenamiento,Baterías,Con permisos,RdD,404
CCAA,Comunidad Valenciana,,,,,,capacidad_acceso,hibridacion,Hibridación,Con permisos,RdT,776
CCAA,Comunidad Valenciana,,,,,,capacidad_acceso,hibridacion,Hibridación,Con permisos,RdD,1
CCAA,Comunidad Valenciana,,,,,,capacidad_acceso,hibridacion,Hibridación,Puesta en servicio,RdT,210.1
CCAA,Comunidad Valenciana,,,,,,capacidad_acceso,hibridacion,Hibridación,Puesta en servicio,RdD,5.5
CCAA,Comunidad Valenciana,,,,,,capacidad_acceso,termosolar,Termosolar,Puesta en servicio,RdT,
CCAA,Comunidad Valenciana,,,,,,capacidad_acceso,termosolar,Termosolar,Puesta en servicio,RdD,81.3
CCAA,Comunidad Valenciana,,,,,,capacidad_acceso,hidraulica,Hidráulica,Con permisos,RdT,
CCAA,Comunidad Valenciana,,,,,,capacidad_acceso,hidraulica,Hidráulica,Con permisos,RdD,5
CCAA,Comunidad Valenciana,,,,,,capacidad_acceso,hidraulica,Hidráulica,Puesta en servicio,RdT,280
CCAA,Comunidad Valenciana,,,,,,capacidad_acceso,hidraulica,Hidráulica,Puesta en servicio,RdD,161.57
CCAA,Comunidad Valenciana,,,,,,capacidad_acceso,bombeo,Bombeo,Puesta en servicio,RdT,1536.45
CCAA,Comunidad Valenciana,,,,,,capacidad_acceso,bombeo,Bombeo,Puesta en servicio,RdD,
CCAA,Comunidad Valenciana,,,,,,capacidad_acceso,otras,Otras tecnologías,Con permisos,RdT,
CCAA,Comunidad Valenciana,,,,,,capacidad_acceso,otras,Otras tecnologías,Con permisos,RdD,52
CCAA,Comunidad Valenciana,,,,,,capacidad_acceso,otras,Otras tecnologías,Puesta en servicio,RdT,3815.15
CCAA,Comunidad Valenciana,,,,,,capacidad_acceso,otras,Otras tecnologías,Puesta en servicio,RdD,564.29
CCAA,Comunidad Valenciana,,,,,,potencia_instalada,eolica,Eólica,En curso,RdT,302.4
CCAA,Comunidad Valenciana,,,,,,potencia_instalada,eolica,Eólica,En curso,RdD,176
CCAA,Comunidad Valenciana,,,,,,potencia_instalada,eolica,Eólica,Con permisos,RdT,944
CCAA,Comunidad Valenciana,,,,,,potencia_instalada,eolica,Eólica,Con permisos,RdD,160
CCAA,Comunidad Valenciana,,,,,,potencia_instalada,eolica,Eólica,Puesta en servicio,RdT,966.25
CCAA,Comunidad Valenciana,,,,,,potencia_instalada,eolica,Eólica,Puesta en servicio,RdD,434.93
CCAA,Comunidad Valenciana,,,,,,potencia_instalada,fotovoltaica,Fotovoltaica,En curso,RdT,60.05
CCAA,Comunidad Valenciana,,,,,,potencia_instalada,fotovoltaica,Fotovoltaica,En curso,RdD,370.15
CCAA,Comunidad Valenciana,,,,,,potencia_instalada,fotovoltaica,Fotovoltaica,Con permisos,RdT,3512
CCAA,Comunidad Valenciana,,,,,,potencia_instalada,fotovoltaica,Fotovoltaica,Con permisos,RdD,3321
CCAA,Comunidad Valenciana,,,,,,potencia_instalada,fotovoltaica,Fotovoltaica,Puesta en servicio,RdT,83.49
CCAA,Comunidad Valenciana,,,,,,potencia_instalada,fotovoltaica,Fotovoltaica,Puesta en servicio,RdD,821.81
CCAA,Comunidad Valenciana,,,,,,potencia_instalada,almacenamiento,Baterías,En curso,RdT,139.8
CCAA,Comunidad Valenciana,,,,,,potencia_instalada,almacenamiento,Baterías,En curso,RdD,1577.15
CCAA,Comunidad Valenciana,,,,,,potencia_instalada,almacenamiento,Baterías,Con permisos,RdT,700
CCAA,Comunidad Valenciana,,,,,,potencia_instalada,almacenamiento,Baterías,Con permisos,RdD,466
CCAA,Comunidad Valenciana,,,,,,potencia_instalada,termosolar,Termosolar,Puesta en servicio,RdT,
CCAA,Comunidad Valenciana,,,,,,potencia_instalada,termosolar,Termosolar,Puesta en servicio,RdD,81.3
CCAA,Comunidad Valenciana,,,,,,potencia_instalada,hidraulica,Hidráulica,Con permisos,RdT,
CCAA,Comunidad Valenciana,,,,,,potencia_instalada,hidraulica,Hidráulica,Con permisos,RdD,5
CCAA,Comunidad Valenciana,,,,,,potencia_instalada,hidraulica,Hidráulica,Puesta en servicio,RdT,289.92
CCAA,Comunidad Valenciana,,,,,,potencia_instalada,hidraulica,Hidráulica,Puesta en servicio,RdD,161.57
CCAA,Comunidad Valenciana,,,,,,potencia_instalada,bombeo,Bombeo,Puesta en servicio,RdT,1511.95
CCAA,Comunidad Valenciana,,,,,,potencia_instalada,bombeo,Bombeo,Puesta en servicio,RdD,
CCAA,Comunidad Valenciana,,,,,,potencia_instalada,otras,Otras tecnologías,Con permisos,RdT,
CCAA,Comunidad Valenciana,,,,,,potencia_instalada,otras,Otras tecnologías,Con permisos,RdD,65
CCAA,Comunidad Valenciana,,,,,,potencia_instalada,otras,Otras tecnologías,Puesta en servicio,RdT,3917.48
CCAA,Comunidad Valenciana,,,,,,potencia_instalada,otras,Otras tecnologías,Puesta en servicio,RdD,564.29
CCAA,Extremadura,,,,,,capacidad_acceso,eolica,Eólica,Con permisos,RdT,33
CCAA,Extremadura,,,,,,capacidad_acceso,eolica,Eólica,Con permisos,RdD,
CCAA,Extremadura,,,,,,capacidad_acceso,eolica,Eólica,Puesta en servicio,RdT,49.5
CCAA,Extremadura,,,,,,capacidad_acceso,eolica,Eólica,Puesta en servicio,RdD,49.28
CCAA,Extremadura,,,,,,capacidad_acceso,fotovoltaica,Fotovoltaica,En curso,RdT,236.66
CCAA,Extremadura,,,,,,capacidad_acceso,fotovoltaica,Fotovoltaica,En curso,RdD,203.9
CCAA,Extremadura,,,,,,capacidad_acceso,fotovoltaica,Fotovoltaica,Con permisos,RdT,924
CCAA,Extremadura,,,,,,capacidad_acceso,fotovoltaica,Fotovoltaica,Con permisos,RdD,366
CCAA,Extremadura,,,,,,capacidad_acceso,fotovoltaica,Fotovoltaica,Puesta en servicio,RdT,2213.55
CCAA,Extremadura,,,,,,capacidad_acceso,fotovoltaica,Fotovoltaica,Puesta en servicio,RdD,1119.27
CCAA,Extremadura,,,,,,capacidad_acceso,almacenamiento,Baterías,Con permisos,RdT,22
CCAA,Extremadura,,,,,,capacidad_acceso,almacenamiento,Baterías,Con permisos,RdD,
CCAA,Extremadura,,,,,,capacidad_acceso,hibridacion,Hibridación,Con permisos,RdT,749
CCAA,Extremadura,,,,,,capacidad_acceso,hibridacion,Hibridación,Con permisos,RdD,50
CCAA,Extremadura,,,,,,capacidad_acceso,hibridacion,Hibridación,Puesta en servicio,RdT,4102.57
CCAA,Extremadura,,,,,,capacidad_acceso,hibridacion,Hibridación,Puesta en servicio,RdD,499.89
CCAA,Extremadura,,,,,,capacidad_acceso,termosolar,Termosolar,Puesta en servicio,RdT,349.8
CCAA,Extremadura,,,,,,capacidad_acceso,termosolar,Termosolar,Puesta en servicio,RdD,149.8
CCAA,Extremadura,,,,,,capacidad_acceso,hidraulica,Hidráulica,Con permisos,RdT,
CCAA,Extremadura,,,,,,capacidad_acceso,hidraulica,Hidráulica,Con permisos,RdD,3
CCAA,Extremadura,,,,,,capacidad_acceso,hidraulica,Hidráulica,Puesta en servicio,RdT,1117.7
CCAA,Extremadura,,,,,,capacidad_acceso,hidraulica,Hidráulica,Puesta en servicio,RdD,200.43
CCAA,Extremadura,,,,,,capacidad_acceso,bombeo,Bombeo,Con permisos,RdT,472
CCAA,Extremadura,,,,,,capacidad_acceso,bombeo,Bombeo,Con permisos,RdD,
CCAA,Extremadura,,,,,,capacidad_acceso,bombeo,Bombeo,Puesta en servicio,RdT,260
CCAA,Extremadura,,,,,,capacidad_acceso,bombeo,Bombeo,Puesta en servicio,RdD,
CCAA,Extremadura,,,,,,capacidad_acceso,otras,Otras tecnologías,Con permisos,RdT,50
CCAA,Extremadura,,,,,,capacidad_acceso,otras,Otras tecnologías,Con permisos,RdD,
CCAA,Extremadura,,,,,,capacidad_acceso,otras,Otras tecnologías,Puesta en servicio,RdT,2006
CCAA,Extremadura,,,,,,capacidad_acceso,otras,Otras tecnologías,Puesta en servicio,RdD,48.03
CCAA,Extremadura,,,,,,potencia_instalada,eolica,Eólica,Con permisos,RdT,66
CCAA,Extremadura,,,,,,potencia_instalada,eolica,Eólica,Con permisos,RdD,12
CCAA,Extremadura,,,,,,potencia_instalada,eolica,Eólica,Puesta en servicio,RdT,49.5
CCAA,Extremadura,,,,,,potencia_instalada,eolica,Eólica,Puesta en servicio,RdD,49.28
CCAA,Extremadura,,,,,,potencia_instalada,fotovoltaica,Fotovoltaica,En curso,RdT,270.72
CCAA,Extremadura,,,,,,potencia_instalada,fotovoltaica,Fotovoltaica,En curso,RdD,238.89
CCAA,Extremadura,,,,,,potencia_instalada,fotovoltaica,Fotovoltaica,Con permisos,RdT,1483
CCAA,Extremadura,,,,,,potencia_instalada,fotovoltaica,Fotovoltaica,Con permisos,RdD,455
CCAA,Extremadura,,,,,,potencia_instalada,fotovoltaica,Fotovoltaica,Puesta en servicio,RdT,6778.55
CCAA,Extremadura,,,,,,potencia_instalada,fotovoltaica,Fotovoltaica,Puesta en servicio,RdD,1669.97
CCAA,Extremadura,,,,,,potencia_instalada,almacenamiento,Baterías,Con permisos,RdT,3331
CCAA,Extremadura,,,,,,potencia_instalada,almacenamiento,Baterías,Con permisos,RdD,248
CCAA,Extremadura,,,,,,potencia_instalada,almacenamiento,Baterías,Puesta en servicio,RdT,4.18
CCAA,Extremadura,,,,,,potencia_instalada,almacenamiento,Baterías,Puesta en servicio,RdD,60.56
CCAA,Extremadura,,,,,,potencia_instalada,termosolar,Termosolar,Puesta en servicio,RdT,649.6
CCAA,Extremadura,,,,,,potencia_instalada,termosolar,Termosolar,Puesta en servicio,RdD,199.8
CCAA,Extremadura,,,,,,potencia_instalada,hidraulica,Hidráulica,Con permisos,RdT,495
CCAA,Extremadura,,,,,,potencia_instalada,hidraulica,Hidráulica,Con permisos,RdD,53
CCAA,Extremadura,,,,,,potencia_instalada,hidraulica,Hidráulica,Puesta en servicio,RdT,1200.49
CCAA,Extremadura,,,,,,potencia_instalada,hidraulica,Hidráulica,Puesta en servicio,RdD,200.43
CCAA,Extremadura,,,,,,potencia_instalada,bombeo,Bombeo,Con permisos,RdT,472
CCAA,Extremadura,,,,,,potencia_instalada,bombeo,Bombeo,Con permisos,RdD,
CCAA,Extremadura,,,,,,potencia_instalada,bombeo,Bombeo,Puesta en servicio,RdT,259.81
CCAA,Extremadura,,,,,,potencia_instalada,bombeo,Bombeo,Puesta en servicio,RdD,
CCAA,Extremadura,,,,,,potencia_instalada,otras,Otras tecnologías,Puesta en servicio,RdT,2067.03
CCAA,Extremadura,,,,,,potencia_instalada,otras,Otras tecnologías,Puesta en servicio,RdD,51.86
CCAA,Galicia,,,,,,capacidad_acceso,eolica,Eólica,En curso,RdT,2269.98
CCAA,Galicia,,,,,,capacidad_acceso,eolica,Eólica,En curso,RdD,226.4
CCAA,Galicia,,,,,,capacidad_acceso,eolica,Eólica,Con permisos,RdT,3597
CCAA,Galicia,,,,,,capacidad_acceso,eolica,Eólica,Con permisos,RdD,1097
CCAA,Galicia,,,,,,capacidad_acceso,eolica,Eólica,Puesta en servicio,RdT,716.97
CCAA,Galicia,,,,,,capacidad_acceso,eolica,Eólica,Puesta en servicio,RdD,3110.1
CCAA,Galicia,,,,,,capacidad_acceso,fotovoltaica,Fotovoltaica,En curso,RdT,85.65
CCAA,Galicia,,,,,,capacidad_acceso,fotovoltaica,Fotovoltaica,En curso,RdD,72.88
CCAA,Galicia,,,,,,capacidad_acceso,fotovoltaica,Fotovoltaica,Con permisos,RdT,
CCAA,Galicia,,,,,,capacidad_acceso,fotovoltaica,Fotovoltaica,Con permisos,RdD,41
CCAA,Galicia,,,,,,capacidad_acceso,fotovoltaica,Fotovoltaica,Puesta en servicio,RdT,
CCAA,Galicia,,,,,,capacidad_acceso,fotovoltaica,Fotovoltaica,Puesta en servicio,RdD,6.55
CCAA,Galicia,,,,,,capacidad_acceso,almacenamiento,Baterías,En curso,RdT,1458.67
CCAA,Galicia,,,,,,capacidad_acceso,almacenamiento,Baterías,En curso,RdD,28.4
CCAA,Galicia,,,,,,capacidad_acceso,almacenamiento,Baterías,Con permisos,RdT,531
CCAA,Galicia,,,,,,capacidad_acceso,almacenamiento,Baterías,Con permisos,RdD,138
CCAA,Galicia,,,,,,capacidad_acceso,almacenamiento,Baterías,Puesta en servicio,RdT,
CCAA,Galicia,,,,,,capacidad_acceso,almacenamiento,Baterías,Puesta en servicio,RdD,1
CCAA,Galicia,,,,,,capacidad_acceso,hibridacion,Hibridación,En curso,RdT,80.57
CCAA,Galicia,,,,,,capacidad_acceso,hibridacion,Hibridación,En curso,RdD,
CCAA,Galicia,,,,,,capacidad_acceso,hibridacion,Hibridación,Con permisos,RdT,113
CCAA,Galicia,,,,,,capacidad_acceso,hibridacion,Hibridación,Con permisos,RdD,29
CCAA,Galicia,,,,,,capacidad_acceso,hibridacion,Hibridación,Puesta en servicio,RdT,64.21
CCAA,Galicia,,,,,,capacidad_acceso,hibridacion,Hibridación,Puesta en servicio,RdD,61.85
CCAA,Galicia,,,,,,capacidad_acceso,hidraulica,Hidráulica,Con permisos,RdT,191
CCAA,Galicia,,,,,,capacidad_acceso,hidraulica,Hidráulica,Con permisos,RdD,2
CCAA,Galicia,,,,,,capacidad_acceso,hidraulica,Hidráulica,Puesta en servicio,RdT,1898.24
CCAA,Galicia,,,,,,capacidad_acceso,hidraulica,Hidráulica,Puesta en servicio,RdD,1025.9
CCAA,Galicia,,,,,,capacidad_acceso,bombeo,Bombeo,En curso,RdT,25
CCAA,Galicia,,,,,,capacidad_acceso,bombeo,Bombeo,En curso,RdD,
CCAA,Galicia,,,,,,capacidad_acceso,bombeo,Bombeo,Con permisos,RdT,408
CCAA,Galicia,,,,,,capacidad_acceso,bombeo,Bombeo,Con permisos,RdD,
CCAA,Galicia,,,,,,capacidad_acceso,bombeo,Bombeo,Puesta en servicio,RdT,380.6
CCAA,Galicia,,,,,,capacidad_acceso,bombeo,Bombeo,Puesta en servicio,RdD,
CCAA,Galicia,,,,,,capacidad_acceso,otras,Otras tecnologías,En curso,RdT,476.05
CCAA,Galicia,,,,,,capacidad_acceso,otras,Otras tecnologías,En curso,RdD,
CCAA,Galicia,,,,,,capacidad_acceso,otras,Otras tecnologías,Con permisos,RdT,
CCAA,Galicia,,,,,,capacidad_acceso,otras,Otras tecnologías,Con permisos,RdD,40
CCAA,Galicia,,,,,,capacidad_acceso,otras,Otras tecnologías,Puesta en servicio,RdT,1382.1
CCAA,Galicia,,,,,,capacidad_acceso,otras,Otras tecnologías,Puesta en servicio,RdD,553.28
CCAA,Galicia,,,,,,potencia_instalada,eolica,Eólica,En curso,RdT,2371.48
CCAA,Galicia,,,,,,potencia_instalada,eolica,Eólica,En curso,RdD,249.5
CCAA,Galicia,,,,,,potencia_instalada,eolica,Eólica,Con permisos,RdT,3835
CCAA,Galicia,,,,,,potencia_instalada,eolica,Eólica,Con permisos,RdD,1140
CCAA,Galicia,,,,,,potencia_instalada,eolica,Eólica,Puesta en servicio,RdT,783.47
CCAA,Galicia,,,,,,potencia_instalada,eolica,Eólica,Puesta en servicio,RdD,3181.65
CCAA,Galicia,,,,,,potencia_instalada,fotovoltaica,Fotovoltaica,En curso,RdT,100.35
CCAA,Galicia,,,,,,potencia_instalada,fotovoltaica,Fotovoltaica,En curso,RdD,72.88
CCAA,Galicia,,,,,,potencia_instalada,fotovoltaica,Fotovoltaica,Con permisos,RdT,
CCAA,Galicia,,,,,,potencia_instalada,fotovoltaica,Fotovoltaica,Con permisos,RdD,45
CCAA,Galicia,,,,,,potencia_instalada,fotovoltaica,Fotovoltaica,Puesta en servicio,RdT,
CCAA,Galicia,,,,,,potencia_instalada,fotovoltaica,Fotovoltaica,Puesta en servicio,RdD,11.63
CCAA,Galicia,,,,,,potencia_instalada,almacenamiento,Baterías,En curso,RdT,1525.32
CCAA,Galicia,,,,,,potencia_instalada,almacenamiento,Baterías,En curso,RdD,28.4
CCAA,Galicia,,,,,,potencia_instalada,almacenamiento,Baterías,Con permisos,RdT,666
CCAA,Galicia,,,,,,potencia_instalada,almacenamiento,Baterías,Con permisos,RdD,167
CCAA,Galicia,,,,,,potencia_instalada,almacenamiento,Baterías,Puesta en servicio,RdT,
CCAA,Galicia,,,,,,potencia_instalada,almacenamiento,Baterías,Puesta en servicio,RdD,1
CCAA,Galicia,,,,,,potencia_instalada,hidraulica,Hidráulica,Con permisos,RdT,
CCAA,Galicia,,,,,,potencia_instalada,hidraulica,Hidráulica,Con permisos,RdD,2
CCAA,Galicia,,,,,,potencia_instalada,hidraulica,Hidráulica,Puesta en servicio,RdT,2055.67
CCAA,Galicia,,,,,,potencia_instalada,hidraulica,Hidráulica,Puesta en servicio,RdD,1025.9
CCAA,Galicia,,,,,,potencia_instalada,bombeo,Bombeo,En curso,RdT,25
CCAA,Galicia,,,,,,potencia_instalada,bombeo,Bombeo,En curso,RdD,
CCAA,Galicia,,,,,,potencia_instalada,bombeo,Bombeo,Puesta en servicio,RdT,425.93
CCAA,Galicia,,,,,,potencia_instalada,bombeo,Bombeo,Puesta en servicio,RdD,
CCAA,Galicia,,,,,,potencia_instalada,otras,Otras tecnologías,En curso,RdT,485.47
CCAA,Galicia,,,,,,potencia_instalada,otras,Otras tecnologías,En curso,RdD,
CCAA,Galicia,,,,,,potencia_instalada,otras,Otras tecnologías,Con permisos,RdT,
CCAA,Galicia,,,,,,potencia_instalada,otras,Otras tecnologías,Con permisos,RdD,40
CCAA,Galicia,,,,,,potencia_instalada,otras,Otras tecnologías,Puesta en servicio,RdT,2112.4
CCAA,Galicia,,,,,,potencia_instalada,otras,Otras tecnologías,Puesta en servicio,RdD,568.14
CCAA,Baleares,,,,,,capacidad_acceso,eolica,Eólica,Puesta en servicio,RdT,
CCAA,Baleares,,,,,,capacidad_acceso,eolica,Eólica,Puesta en servicio,RdD,3.2
CCAA,Baleares,,,,,,capacidad_acceso,fotovoltaica,Fotovoltaica,En curso,RdT,
CCAA,Baleares,,,,,,capacidad_acceso,fotovoltaica,Fotovoltaica,En curso,RdD,8
CCAA,Baleares,,,,,,capacidad_acceso,fotovoltaica,Fotovoltaica,Con permisos,RdT,210
CCAA,Baleares,,,,,,capacidad_acceso,fotovoltaica,Fotovoltaica,Con permisos,RdD,476
CCAA,Baleares,,,,,,capacidad_acceso,fotovoltaica,Fotovoltaica,Puesta en servicio,RdT,94.29
CCAA,Baleares,,,,,,capacidad_acceso,fotovoltaica,Fotovoltaica,Puesta en servicio,RdD,241.04
CCAA,Baleares,,,,,,capacidad_acceso,almacenamiento,Baterías,En curso,RdT,74
CCAA,Baleares,,,,,,capacidad_acceso,almacenamiento,Baterías,En curso,RdD,8.95
CCAA,Baleares,,,,,,capacidad_acceso,almacenamiento,Baterías,Con permisos,RdT,278
CCAA,Baleares,,,,,,capacidad_acceso,almacenamiento,Baterías,Con permisos,RdD,556
CCAA,Baleares,,,,,,capacidad_acceso,hibridacion,Hibridación,Con permisos,RdT,72
CCAA,Baleares,,,,,,capacidad_acceso,hibridacion,Hibridación,Con permisos,RdD,123
CCAA,Baleares,,,,,,capacidad_acceso,hibridacion,Hibridación,Puesta en servicio,RdT,77.05
CCAA,Baleares,,,,,,capacidad_acceso,hibridacion,Hibridación,Puesta en servicio,RdD,9.52
CCAA,Baleares,,,,,,capacidad_acceso,otras,Otras tecnologías,Con permisos,RdT,
CCAA,Baleares,,,,,,capacidad_acceso,otras,Otras tecnologías,Con permisos,RdD,2
CCAA,Baleares,,,,,,capacidad_acceso,otras,Otras tecnologías,Puesta en servicio,RdT,1729.51
CCAA,Baleares,,,,,,capacidad_acceso,otras,Otras tecnologías,Puesta en servicio,RdD,16.7
CCAA,Baleares,,,,,,potencia_instalada,eolica,Eólica,Puesta en servicio,RdT,
CCAA,Baleares,,,,,,potencia_instalada,eolica,Eólica,Puesta en servicio,RdD,3.2
CCAA,Baleares,,,,,,potencia_instalada,fotovoltaica,Fotovoltaica,En curso,RdT,
CCAA,Baleares,,,,,,potencia_instalada,fotovoltaica,Fotovoltaica,En curso,RdD,8
CCAA,Baleares,,,,,,potencia_instalada,fotovoltaica,Fotovoltaica,Con permisos,RdT,333
CCAA,Baleares,,,,,,potencia_instalada,fotovoltaica,Fotovoltaica,Con permisos,RdD,697
CCAA,Baleares,,,,,,potencia_instalada,fotovoltaica,Fotovoltaica,Puesta en servicio,RdT,148.22
CCAA,Baleares,,,,,,potencia_instalada,fotovoltaica,Fotovoltaica,Puesta en servicio,RdD,283.43
CCAA,Baleares,,,,,,potencia_instalada,almacenamiento,Baterías,En curso,RdT,74
CCAA,Baleares,,,,,,potencia_instalada,almacenamiento,Baterías,En curso,RdD,8.95
CCAA,Baleares,,,,,,potencia_instalada,almacenamiento,Baterías,Con permisos,RdT,443
CCAA,Baleares,,,,,,potencia_instalada,almacenamiento,Baterías,Con permisos,RdD,678
CCAA,Baleares,,,,,,potencia_instalada,almacenamiento,Baterías,Puesta en servicio,RdT,
CCAA,Baleares,,,,,,potencia_instalada,almacenamiento,Baterías,Puesta en servicio,RdD,1.2
CCAA,Baleares,,,,,,potencia_instalada,otras,Otras tecnologías,Con permisos,RdT,
CCAA,Baleares,,,,,,potencia_instalada,otras,Otras tecnologías,Con permisos,RdD,2
CCAA,Baleares,,,,,,potencia_instalada,otras,Otras tecnologías,Puesta en servicio,RdT,1873.88
CCAA,Baleares,,,,,,potencia_instalada,otras,Otras tecnologías,Puesta en servicio,RdD,16.7
CCAA,La Rioja,,,,,,capacidad_acceso,eolica,Eólica,En curso,RdT,363.5
CCAA,La Rioja,,,,,,capacidad_acceso,eolica,Eólica,En curso,RdD,163.49
CCAA,La Rioja,,,,,,capacidad_acceso,eolica,Eólica,Con permisos,RdT,113
CCAA,La Rioja,,,,,,capacidad_acceso,eolica,Eólica,Con permisos,RdD,10
CCAA,La Rioja,,,,,,capacidad_acceso,eolica,Eólica,Puesta en servicio,RdT,367.15
CCAA,La Rioja,,,,,,capacidad_acceso,eolica,Eólica,Puesta en servicio,RdD,94.87
CCAA,La Rioja,,,,,,capacidad_acceso,fotovoltaica,Fotovoltaica,En curso,RdT,100
CCAA,La Rioja,,,,,,capacidad_acceso,fotovoltaica,Fotovoltaica,En curso,RdD,53.5
CCAA,La Rioja,,,,,,capacidad_acceso,fotovoltaica,Fotovoltaica,Con permisos,RdT,298
CCAA,La Rioja,,,,,,capacidad_acceso,fotovoltaica,Fotovoltaica,Con permisos,RdD,81
CCAA,La Rioja,,,,,,capacidad_acceso,fotovoltaica,Fotovoltaica,Puesta en servicio,RdT,275.89
CCAA,La Rioja,,,,,,capacidad_acceso,fotovoltaica,Fotovoltaica,Puesta en servicio,RdD,113.19
CCAA,La Rioja,,,,,,capacidad_acceso,almacenamiento,Baterías,En curso,RdT,138
CCAA,La Rioja,,,,,,capacidad_acceso,almacenamiento,Baterías,En curso,RdD,4.95
CCAA,La Rioja,,,,,,capacidad_acceso,hibridacion,Hibridación,Con permisos,RdT,65
CCAA,La Rioja,,,,,,capacidad_acceso,hibridacion,Hibridación,Con permisos,RdD,
CCAA,La Rioja,,,,,,capacidad_acceso,hibridacion,Hibridación,Puesta en servicio,RdT,40.5
CCAA,La Rioja,,,,,,capacidad_acceso,hibridacion,Hibridación,Puesta en servicio,RdD,
CCAA,La Rioja,,,,,,capacidad_acceso,hidraulica,Hidráulica,Puesta en servicio,RdT,
CCAA,La Rioja,,,,,,capacidad_acceso,hidraulica,Hidráulica,Puesta en servicio,RdD,56.21
CCAA,La Rioja,,,,,,capacidad_acceso,otras,Otras tecnologías,Puesta en servicio,RdT,784.7
CCAA,La Rioja,,,,,,capacidad_acceso,otras,Otras tecnologías,Puesta en servicio,RdD,32.51
CCAA,La Rioja,,,,,,potencia_instalada,eolica,Eólica,En curso,RdT,367.9
CCAA,La Rioja,,,,,,potencia_instalada,eolica,Eólica,En curso,RdD,150.67
CCAA,La Rioja,,,,,,potencia_instalada,eolica,Eólica,Con permisos,RdT,113
CCAA,La Rioja,,,,,,potencia_instalada,eolica,Eólica,Con permisos,RdD,10
CCAA,La Rioja,,,,,,potencia_instalada,eolica,Eólica,Puesta en servicio,RdT,407.65
CCAA,La Rioja,,,,,,potencia_instalada,eolica,Eólica,Puesta en servicio,RdD,94.87
CCAA,La Rioja,,,,,,potencia_instalada,fotovoltaica,Fotovoltaica,En curso,RdT,100
CCAA,La Rioja,,,,,,potencia_instalada,fotovoltaica,Fotovoltaica,En curso,RdD,64.56
CCAA,La Rioja,,,,,,potencia_instalada,fotovoltaica,Fotovoltaica,Con permisos,RdT,435
CCAA,La Rioja,,,,,,potencia_instalada,fotovoltaica,Fotovoltaica,Con permisos,RdD,89
CCAA,La Rioja,,,,,,potencia_instalada,fotovoltaica,Fotovoltaica,Puesta en servicio,RdT,338.83
CCAA,La Rioja,,,,,,potencia_instalada,fotovoltaica,Fotovoltaica,Puesta en servicio,RdD,114.52
CCAA,La Rioja,,,,,,potencia_instalada,almacenamiento,Baterías,En curso,RdT,147.99
CCAA,La Rioja,,,,,,potencia_instalada,almacenamiento,Baterías,En curso,RdD,4.95
CCAA,La Rioja,,,,,,potencia_instalada,almacenamiento,Baterías,Con permisos,RdT,71
CCAA,La Rioja,,,,,,potencia_instalada,almacenamiento,Baterías,Con permisos,RdD,
CCAA,La Rioja,,,,,,potencia_instalada,hidraulica,Hidráulica,Puesta en servicio,RdT,
CCAA,La Rioja,,,,,,potencia_instalada,hidraulica,Hidráulica,Puesta en servicio,RdD,56.21
CCAA,La Rioja,,,,,,potencia_instalada,otras,Otras tecnologías,Con permisos,RdT,400
CCAA,La Rioja,,,,,,potencia_instalada,otras,Otras tecnologías,Con permisos,RdD,
CCAA,La Rioja,,,,,,potencia_instalada,otras,Otras tecnologías,Puesta en servicio,RdT,794.64
CCAA,La Rioja,,,,,,potencia_instalada,otras,Otras tecnologías,Puesta en servicio,RdD,32.51
CCAA,Madrid,,,,,,capacidad_acceso,eolica,Eólica,Con permisos,RdT,
CCAA,Madrid,,,,,,capacidad_acceso,eolica,Eólica,Con permisos,RdD,4
CCAA,Madrid,,,,,,capacidad_acceso,eolica,Eólica,Puesta en servicio,RdT,
CCAA,Madrid,,,,,,capacidad_acceso,eolica,Eólica,Puesta en servicio,RdD,208.88
CCAA,Madrid,,,,,,capacidad_acceso,fotovoltaica,Fotovoltaica,En curso,RdT,1651.96
CCAA,Madrid,,,,,,capacidad_acceso,fotovoltaica,Fotovoltaica,En curso,RdD,244.1
CCAA,Madrid,,,,,,capacidad_acceso,fotovoltaica,Fotovoltaica,Con permisos,RdT,6839
CCAA,Madrid,,,,,,capacidad_acceso,fotovoltaica,Fotovoltaica,Con permisos,RdD,897
CCAA,Madrid,,,,,,capacidad_acceso,fotovoltaica,Fotovoltaica,Puesta en servicio,RdT,120
CCAA,Madrid,,,,,,capacidad_acceso,fotovoltaica,Fotovoltaica,Puesta en servicio,RdD,386.11
CCAA,Madrid,,,,,,capacidad_acceso,almacenamiento,Baterías,En curso,RdT,35
CCAA,Madrid,,,,,,capacidad_acceso,almacenamiento,Baterías,En curso,RdD,761.94
CCAA,Madrid,,,,,,capacidad_acceso,almacenamiento,Baterías,Con permisos,RdT,174
CCAA,Madrid,,,,,,capacidad_acceso,almacenamiento,Baterías,Con permisos,RdD,511
CCAA,Madrid,,,,,,capacidad_acceso,hibridacion,Hibridación,En curso,RdT,
CCAA,Madrid,,,,,,capacidad_acceso,hibridacion,Hibridación,En curso,RdD,5
CCAA,Madrid,,,,,,capacidad_acceso,hibridacion,Hibridación,Con permisos,RdT,1864
CCAA,Madrid,,,,,,capacidad_acceso,hibridacion,Hibridación,Con permisos,RdD,38
CCAA,Madrid,,,,,,capacidad_acceso,hidraulica,Hidráulica,Puesta en servicio,RdT,
CCAA,Madrid,,,,,,capacidad_acceso,hidraulica,Hidráulica,Puesta en servicio,RdD,206.37
CCAA,Madrid,,,,,,capacidad_acceso,otras,Otras tecnologías,En curso,RdT,34
CCAA,Madrid,,,,,,capacidad_acceso,otras,Otras tecnologías,En curso,RdD,
CCAA,Madrid,,,,,,capacidad_acceso,otras,Otras tecnologías,Con permisos,RdT,12
CCAA,Madrid,,,,,,capacidad_acceso,otras,Otras tecnologías,Con permisos,RdD,82
CCAA,Madrid,,,,,,capacidad_acceso,otras,Otras tecnologías,Puesta en servicio,RdT,62.6
CCAA,Madrid,,,,,,capacidad_acceso,otras,Otras tecnologías,Puesta en servicio,RdD,360.27
CCAA,Madrid,,,,,,potencia_instalada,eolica,Eólica,Con permisos,RdT,
CCAA,Madrid,,,,,,potencia_instalada,eolica,Eólica,Con permisos,RdD,15
CCAA,Madrid,,,,,,potencia_instalada,eolica,Eólica,Puesta en servicio,RdT,
CCAA,Madrid,,,,,,potencia_instalada,eolica,Eólica,Puesta en servicio,RdD,208.88
CCAA,Madrid,,,,,,potencia_instalada,fotovoltaica,Fotovoltaica,En curso,RdT,1892.96
CCAA,Madrid,,,,,,potencia_instalada,fotovoltaica,Fotovoltaica,En curso,RdD,279.13
CCAA,Madrid,,,,,,potencia_instalada,fotovoltaica,Fotovoltaica,Con permisos,RdT,9625
CCAA,Madrid,,,,,,potencia_instalada,fotovoltaica,Fotovoltaica,Con permisos,RdD,1066
CCAA,Madrid,,,,,,potencia_instalada,fotovoltaica,Fotovoltaica,Puesta en servicio,RdT,121
CCAA,Madrid,,,,,,potencia_instalada,fotovoltaica,Fotovoltaica,Puesta en servicio,RdD,476.14
CCAA,Madrid,,,,,,potencia_instalada,almacenamiento,Baterías,En curso,RdT,35
CCAA,Madrid,,,,,,potencia_instalada,almacenamiento,Baterías,En curso,RdD,845.04
CCAA,Madrid,,,,,,potencia_instalada,almacenamiento,Baterías,Con permisos,RdT,1615
CCAA,Madrid,,,,,,potencia_instalada,almacenamiento,Baterías,Con permisos,RdD,600
CCAA,Madrid,,,,,,potencia_instalada,hidraulica,Hidráulica,Puesta en servicio,RdT,
CCAA,Madrid,,,,,,potencia_instalada,hidraulica,Hidráulica,Puesta en servicio,RdD,206.37
CCAA,Madrid,,,,,,potencia_instalada,otras,Otras tecnologías,En curso,RdT,42
CCAA,Madrid,,,,,,potencia_instalada,otras,Otras tecnologías,En curso,RdD,
CCAA,Madrid,,,,,,potencia_instalada,otras,Otras tecnologías,Con permisos,RdT,12
CCAA,Madrid,,,,,,potencia_instalada,otras,Otras tecnologías,Con permisos,RdD,25
CCAA,Madrid,,,,,,potencia_instalada,otras,Otras tecnologías,Puesta en servicio,RdT,62.6
CCAA,Madrid,,,,,,potencia_instalada,otras,Otras tecnologías,Puesta en servicio,RdD,296.81
CCAA,Murcia,,,,,,capacidad_acceso,eolica,Eólica,Puesta en servicio,RdT,167.05
CCAA,Murcia,,,,,,capacidad_acceso,eolica,Eólica,Puesta en servicio,RdD,55.1
CCAA,Murcia,,,,,,capacidad_acceso,fotovoltaica,Fotovoltaica,En curso,RdT,155
CCAA,Murcia,,,,,,capacidad_acceso,fotovoltaica,Fotovoltaica,En curso,RdD,827.15
CCAA,Murcia,,,,,,capacidad_acceso,fotovoltaica,Fotovoltaica,Con permisos,RdT,1515
CCAA,Murcia,,,,,,capacidad_acceso,fotovoltaica,Fotovoltaica,Con permisos,RdD,845
CCAA,Murcia,,,,,,capacidad_acceso,fotovoltaica,Fotovoltaica,Puesta en servicio,RdT,769.99
CCAA,Murcia,,,,,,capacidad_acceso,fotovoltaica,Fotovoltaica,Puesta en servicio,RdD,878.91
CCAA,Murcia,,,,,,capacidad_acceso,hibridacion,Hibridación,Con permisos,RdT,90
CCAA,Murcia,,,,,,capacidad_acceso,hibridacion,Hibridación,Con permisos,RdD,3
CCAA,Murcia,,,,,,capacidad_acceso,hibridacion,Hibridación,Puesta en servicio,RdT,401.82
CCAA,Murcia,,,,,,capacidad_acceso,hibridacion,Hibridación,Puesta en servicio,RdD,10
CCAA,Murcia,,,,,,capacidad_acceso,termosolar,Termosolar,Con permisos,RdT,
CCAA,Murcia,,,,,,capacidad_acceso,termosolar,Termosolar,Con permisos,RdD,50
CCAA,Murcia,,,,,,capacidad_acceso,hidraulica,Hidráulica,Puesta en servicio,RdT,
CCAA,Murcia,,,,,,capacidad_acceso,hidraulica,Hidráulica,Puesta en servicio,RdD,2.33
CCAA,Murcia,,,,,,capacidad_acceso,otras,Otras tecnologías,Con permisos,RdT,
CCAA,Murcia,,,,,,capacidad_acceso,otras,Otras tecnologías,Con permisos,RdD,3
CCAA,Murcia,,,,,,capacidad_acceso,otras,Otras tecnologías,Puesta en servicio,RdT,3222.84
CCAA,Murcia,,,,,,capacidad_acceso,otras,Otras tecnologías,Puesta en servicio,RdD,305.48
CCAA,Murcia,,,,,,potencia_instalada,eolica,Eólica,Puesta en servicio,RdT,249.09
CCAA,Murcia,,,,,,potencia_instalada,eolica,Eólica,Puesta en servicio,RdD,55.1
CCAA,Murcia,,,,,,potencia_instalada,fotovoltaica,Fotovoltaica,En curso,RdT,164.8
CCAA,Murcia,,,,,,potencia_instalada,fotovoltaica,Fotovoltaica,En curso,RdD,909.61
CCAA,Murcia,,,,,,potencia_instalada,fotovoltaica,Fotovoltaica,Con permisos,RdT,1809
CCAA,Murcia,,,,,,potencia_instalada,fotovoltaica,Fotovoltaica,Con permisos,RdD,982
CCAA,Murcia,,,,,,potencia_instalada,fotovoltaica,Fotovoltaica,Puesta en servicio,RdT,1381.72
CCAA,Murcia,,,,,,potencia_instalada,fotovoltaica,Fotovoltaica,Puesta en servicio,RdD,958.46
CCAA,Murcia,,,,,,potencia_instalada,almacenamiento,Baterías,Con permisos,RdT,281
CCAA,Murcia,,,,,,potencia_instalada,almacenamiento,Baterías,Con permisos,RdD,13
CCAA,Murcia,,,,,,potencia_instalada,termosolar,Termosolar,Con permisos,RdT,
CCAA,Murcia,,,,,,potencia_instalada,termosolar,Termosolar,Con permisos,RdD,50
CCAA,Murcia,,,,,,potencia_instalada,hidraulica,Hidráulica,Puesta en servicio,RdT,
CCAA,Murcia,,,,,,potencia_instalada,hidraulica,Hidráulica,Puesta en servicio,RdD,2.33
CCAA,Murcia,,,,,,potencia_instalada,otras,Otras tecnologías,Con permisos,RdT,
CCAA,Murcia,,,,,,potencia_instalada,otras,Otras tecnologías,Con permisos,RdD,3
CCAA,Murcia,,,,,,potencia_instalada,otras,Otras tecnologías,Puesta en servicio,RdT,3263.71
CCAA,Murcia,,,,,,potencia_instalada,otras,Otras tecnologías,Puesta en servicio,RdD,305.48
CCAA,Navarra,,,,,,capacidad_acceso,eolica,Eólica,En curso,RdT,56.19
CCAA,Navarra,,,,,,capacidad_acceso,eolica,Eólica,En curso,RdD,101.52
CCAA,Navarra,,,,,,capacidad_acceso,eolica,Eólica,Con permisos,RdT,103
CCAA,Navarra,,,,,,capacidad_acceso,eolica,Eólica,Con permisos,RdD,72
CCAA,Navarra,,,,,,capacidad_acceso,eolica,Eólica,Puesta en servicio,RdT,1197.52
CCAA,Navarra,,,,,,capacidad_acceso,eolica,Eólica,Puesta en servicio,RdD,174.42
CCAA,Navarra,,,,,,capacidad_acceso,fotovoltaica,Fotovoltaica,En curso,RdT,
CCAA,Navarra,,,,,,capacidad_acceso,fotovoltaica,Fotovoltaica,En curso,RdD,37.21
CCAA,Navarra,,,,,,capacidad_acceso,fotovoltaica,Fotovoltaica,Con permisos,RdT,656
CCAA,Navarra,,,,,,capacidad_acceso,fotovoltaica,Fotovoltaica,Con permisos,RdD,7
CCAA,Navarra,,,,,,capacidad_acceso,fotovoltaica,Fotovoltaica,Puesta en servicio,RdT,219.5
CCAA,Navarra,,,,,,capacidad_acceso,fotovoltaica,Fotovoltaica,Puesta en servicio,RdD,170.18
CCAA,Navarra,,,,,,capacidad_acceso,almacenamiento,Baterías,En curso,RdT,1647.08
CCAA,Navarra,,,,,,capacidad_acceso,almacenamiento,Baterías,En curso,RdD,106.91
CCAA,Navarra,,,,,,capacidad_acceso,almacenamiento,Baterías,Con permisos,RdT,170
CCAA,Navarra,,,,,,capacidad_acceso,almacenamiento,Baterías,Con permisos,RdD,
CCAA,Navarra,,,,,,capacidad_acceso,almacenamiento,Baterías,Puesta en servicio,RdT,
CCAA,Navarra,,,,,,capacidad_acceso,almacenamiento,Baterías,Puesta en servicio,RdD,1.15
CCAA,Navarra,,,,,,capacidad_acceso,hibridacion,Hibridación,Con permisos,RdT,70
CCAA,Navarra,,,,,,capacidad_acceso,hibridacion,Hibridación,Con permisos,RdD,35
CCAA,Navarra,,,,,,capacidad_acceso,hibridacion,Hibridación,Puesta en servicio,RdT,596.07
CCAA,Navarra,,,,,,capacidad_acceso,hibridacion,Hibridación,Puesta en servicio,RdD,56.55
CCAA,Navarra,,,,,,capacidad_acceso,hidraulica,Hidráulica,Con permisos,RdT,
CCAA,Navarra,,,,,,capacidad_acceso,hidraulica,Hidráulica,Con permisos,RdD,1
CCAA,Navarra,,,,,,capacidad_acceso,hidraulica,Hidráulica,Puesta en servicio,RdT,
CCAA,Navarra,,,,,,capacidad_acceso,hidraulica,Hidráulica,Puesta en servicio,RdD,104.03
CCAA,Navarra,,,,,,capacidad_acceso,otras,Otras tecnologías,Puesta en servicio,RdT,797.36
CCAA,Navarra,,,,,,capacidad_acceso,otras,Otras tecnologías,Puesta en servicio,RdD,111.42
CCAA,Navarra,,,,,,potencia_instalada,eolica,Eólica,En curso,RdT,56.29
CCAA,Navarra,,,,,,potencia_instalada,eolica,Eólica,En curso,RdD,98.91
CCAA,Navarra,,,,,,potencia_instalada,eolica,Eólica,Con permisos,RdT,263
CCAA,Navarra,,,,,,potencia_instalada,eolica,Eólica,Con permisos,RdD,96
CCAA,Navarra,,,,,,potencia_instalada,eolica,Eólica,Puesta en servicio,RdT,1409.33
CCAA,Navarra,,,,,,potencia_instalada,eolica,Eólica,Puesta en servicio,RdD,174.42
CCAA,Navarra,,,,,,potencia_instalada,fotovoltaica,Fotovoltaica,En curso,RdT,
CCAA,Navarra,,,,,,potencia_instalada,fotovoltaica,Fotovoltaica,En curso,RdD,44.29
CCAA,Navarra,,,,,,potencia_instalada,fotovoltaica,Fotovoltaica,Con permisos,RdT,794
CCAA,Navarra,,,,,,potencia_instalada,fotovoltaica,Fotovoltaica,Con permisos,RdD,57
CCAA,Navarra,,,,,,potencia_instalada,fotovoltaica,Fotovoltaica,Puesta en servicio,RdT,241.07
CCAA,Navarra,,,,,,potencia_instalada,fotovoltaica,Fotovoltaica,Puesta en servicio,RdD,188.36
CCAA,Navarra,,,,,,potencia_instalada,almacenamiento,Baterías,En curso,RdT,1681.99
CCAA,Navarra,,,,,,potencia_instalada,almacenamiento,Baterías,En curso,RdD,106.91
CCAA,Navarra,,,,,,potencia_instalada,almacenamiento,Baterías,Con permisos,RdT,260
CCAA,Navarra,,,,,,potencia_instalada,almacenamiento,Baterías,Con permisos,RdD,
CCAA,Navarra,,,,,,potencia_instalada,almacenamiento,Baterías,Puesta en servicio,RdT,
CCAA,Navarra,,,,,,potencia_instalada,almacenamiento,Baterías,Puesta en servicio,RdD,1.15
CCAA,Navarra,,,,,,potencia_instalada,hidraulica,Hidráulica,Con permisos,RdT,
CCAA,Navarra,,,,,,potencia_instalada,hidraulica,Hidráulica,Con permisos,RdD,1
CCAA,Navarra,,,,,,potencia_instalada,hidraulica,Hidráulica,Puesta en servicio,RdT,
CCAA,Navarra,,,,,,potencia_instalada,hidraulica,Hidráulica,Puesta en servicio,RdD,104.03
CCAA,Navarra,,,,,,potencia_instalada,otras,Otras tecnologías,Con permisos,RdT,
CCAA,Navarra,,,,,,potencia_instalada,otras,Otras tecnologías,Con permisos,RdD,15
CCAA,Navarra,,,,,,potencia_instalada,otras,Otras tecnologías,Puesta en servicio,RdT,1222.32
CCAA,Navarra,,,,,,potencia_instalada,otras,Otras tecnologías,Puesta en servicio,RdD,167.97
CCAA,País Vasco,,,,,,capacidad_acceso,eolica,Eólica,En curso,RdT,158
CCAA,País Vasco,,,,,,capacidad_acceso,eolica,Eólica,En curso,RdD,321.75
CCAA,País Vasco,,,,,,capacidad_acceso,eolica,Eólica,Con permisos,RdT,196
CCAA,País Vasco,,,,,,capacidad_acceso,eolica,Eólica,Con permisos,RdD,1006
CCAA,País Vasco,,,,,,capacidad_acceso,eolica,Eólica,Puesta en servicio,RdT,126.2
CCAA,País Vasco,,,,,,capacidad_acceso,eolica,Eólica,Puesta en servicio,RdD,150.15
CCAA,País Vasco,,,,,,capacidad_acceso,fotovoltaica,Fotovoltaica,En curso,RdT,100
CCAA,País Vasco,,,,,,capacidad_acceso,fotovoltaica,Fotovoltaica,En curso,RdD,240.51
CCAA,País Vasco,,,,,,capacidad_acceso,fotovoltaica,Fotovoltaica,Con permisos,RdT,220
CCAA,País Vasco,,,,,,capacidad_acceso,fotovoltaica,Fotovoltaica,Con permisos,RdD,99
CCAA,País Vasco,,,,,,capacidad_acceso,fotovoltaica,Fotovoltaica,Puesta en servicio,RdT,
CCAA,País Vasco,,,,,,capacidad_acceso,fotovoltaica,Fotovoltaica,Puesta en servicio,RdD,15.59
CCAA,País Vasco,,,,,,capacidad_acceso,almacenamiento,Baterías,En curso,RdT,127
CCAA,País Vasco,,,,,,capacidad_acceso,almacenamiento,Baterías,En curso,RdD,5
CCAA,País Vasco,,,,,,capacidad_acceso,almacenamiento,Baterías,Con permisos,RdT,279
CCAA,País Vasco,,,,,,capacidad_acceso,almacenamiento,Baterías,Con permisos,RdD,643
CCAA,País Vasco,,,,,,capacidad_acceso,almacenamiento,Baterías,Puesta en servicio,RdT,
CCAA,País Vasco,,,,,,capacidad_acceso,almacenamiento,Baterías,Puesta en servicio,RdD,6
CCAA,País Vasco,,,,,,capacidad_acceso,hibridacion,Hibridación,Puesta en servicio,RdT,
CCAA,País Vasco,,,,,,capacidad_acceso,hibridacion,Hibridación,Puesta en servicio,RdD,32.3
CCAA,País Vasco,,,,,,capacidad_acceso,hidraulica,Hidráulica,Puesta en servicio,RdT,
CCAA,País Vasco,,,,,,capacidad_acceso,hidraulica,Hidráulica,Puesta en servicio,RdD,30.6
CCAA,País Vasco,,,,,,capacidad_acceso,otras,Otras tecnologías,Puesta en servicio,RdT,2015.02
CCAA,País Vasco,,,,,,capacidad_acceso,otras,Otras tecnologías,Puesta en servicio,RdD,567.73
CCAA,País Vasco,,,,,,potencia_instalada,eolica,Eólica,En curso,RdT,158
CCAA,País Vasco,,,,,,potencia_instalada,eolica,Eólica,En curso,RdD,342.65
CCAA,País Vasco,,,,,,potencia_instalada,eolica,Eólica,Con permisos,RdT,199
CCAA,País Vasco,,,,,,potencia_instalada,eolica,Eólica,Con permisos,RdD,1057
CCAA,País Vasco,,,,,,potencia_instalada,eolica,Eólica,Puesta en servicio,RdT,126.2
CCAA,País Vasco,,,,,,potencia_instalada,eolica,Eólica,Puesta en servicio,RdD,182.45
CCAA,País Vasco,,,,,,potencia_instalada,fotovoltaica,Fotovoltaica,En curso,RdT,100
CCAA,País Vasco,,,,,,potencia_instalada,fotovoltaica,Fotovoltaica,En curso,RdD,338.64
CCAA,País Vasco,,,,,,potencia_instalada,fotovoltaica,Fotovoltaica,Con permisos,RdT,270
CCAA,País Vasco,,,,,,potencia_instalada,fotovoltaica,Fotovoltaica,Con permisos,RdD,113
CCAA,País Vasco,,,,,,potencia_instalada,fotovoltaica,Fotovoltaica,Puesta en servicio,RdT,
CCAA,País Vasco,,,,,,potencia_instalada,fotovoltaica,Fotovoltaica,Puesta en servicio,RdD,15.59
CCAA,País Vasco,,,,,,potencia_instalada,almacenamiento,Baterías,En curso,RdT,132
CCAA,País Vasco,,,,,,potencia_instalada,almacenamiento,Baterías,En curso,RdD,5
CCAA,País Vasco,,,,,,potencia_instalada,almacenamiento,Baterías,Con permisos,RdT,518
CCAA,País Vasco,,,,,,potencia_instalada,almacenamiento,Baterías,Con permisos,RdD,748
CCAA,País Vasco,,,,,,potencia_instalada,almacenamiento,Baterías,Puesta en servicio,RdT,
CCAA,País Vasco,,,,,,potencia_instalada,almacenamiento,Baterías,Puesta en servicio,RdD,11.53
CCAA,País Vasco,,,,,,potencia_instalada,hidraulica,Hidráulica,Puesta en servicio,RdT,
CCAA,País Vasco,,,,,,potencia_instalada,hidraulica,Hidráulica,Puesta en servicio,RdD,30.6
CCAA,País Vasco,,,,,,potencia_instalada,otras,Otras tecnologías,Puesta en servicio,RdT,2015.07
CCAA,País Vasco,,,,,,potencia_instalada,otras,Otras tecnologías,Puesta en servicio,RdD,567.74
