node_id,title,voltage,lat,lng
7218,ARCHIDONA 400,400,37.120000463764,-4.4152854355845
6678,ARCOS DE LA FRONTERA 400,400,36.671460558482,-5.819938859834
6683,CABRA 400,400,37.457007281502,-4.4944798384836
12590,CAPARACENA 400,400,37.26786802166,-3.7261709619107
6685,CARMONA 400,400,37.55691840287,-5.7591094943323
7217,CARTAMA 400,400,36.750617868855,-4.605382532298
12819,GUILLENA 400,400,37.636044840533,-12.098751304828
12837,HUENEJA 400,400,37.21622346581,-2.9425180963388
13036,PALOS 400,400,37.184705561373,-12.882968276194
13181,RONDA 400,400,36.761236575294,-5.1274867061467
6728,TABERNAS 400,400,37.070880564929,-2.3123478469677
13332,LITORAL 400,400,36.978303067443,-1.9080669713052
13336,RODA DE ANDALUCIA 400,400,37.254712805986,-4.7769981082472
13333,PINAR DE REY 400,400,36.248298540621,-5.4115462422769
13330,GUADAME 400,400,38.048620837877,-4.1934112076732
13334,TAJO ENCANTADA 400,400,36.895071576296,-4.7457559842002
13337,CASTELLAR DE LA FRONTERA 400,400,36.286329410118,-5.423444683403
6733,ARAGON 400,400,41.217770756736,-0.28021021562162
12591,CARIÑENA 400,400,41.323528631862,-1.2279084263473
12762,ESCATRON 400,400,41.293900382882,-0.34067772471244
12781,FUENDETODOS 400,400,41.336870533914,-0.97686860653766
12935,MAGALLON 400,400,41.846865500616,-1.3812960767016
12972,MEZQUITA 400,400,40.723948109854,-0.84984879386729
13003,MUDEJAR 400,400,41.023175903321,-0.38272842232196
13005,MUNIESA 400,400,41.033104728552,-0.83961519134587
13048,PEÑAFLOR 400,400,41.721757863023,-0.74164679904411
13185,RUEDA DE JALON 400,400,41.649812218514,-1.2965587721434
7255,TERRER 400,400,41.320957870342,-1.7056895314573
13314,ALMENDRALES 400,400,41.554420722508,-0.84433111460861
6791,AGUAYO 400,400,43.119427225565,-4.0200349370389
6918,ALMAZAN 400,400,41.438156620049,-2.5035277493855
6920,APARECIDA 400,400,42.03367082285,-12.861802947861
6922,BUNIEL 400,400,42.322911396204,-3.8206164374683
12689,CERRATO 400,400,41.888782815186,-4.3817374201211
12704,CIUDAD RODRIGO 400,400,40.641939161101,-12.55067768671
12711,COMPOSTILLA 400,400,42.614026585435,-12.566237702735
12808,GRIJOTA 400,400,42.072376328246,-4.5565096140785
12828,HERRERA 400,400,42.594436017834,-4.3432807991398
12832,HINOJOSA 400,400,41.017204137669,-12.733412466908
12878,LA LORA 400,400,42.590933176382,-3.8597103411719
12903,LASTRAS 400,400,40.880487640659,-4.3398240324918
12930,LUENGOS 400,400,42.450204231479,-5.3717901361098
12958,MEDINACELI 400,400,41.106040122646,-2.374416072454
12982,MONTEARENAS 400,400,42.572977022205,-12.550126910827
13001,MUDARRA 400,400,41.789660715334,-4.9366149630464
13022,OLMEDO 400,400,41.320061189172,-4.7270653090305
13176,ROBLA 400,400,42.793998062302,-5.6336370690539
7211,SEGOVIA 400,400,40.939946109973,-4.1651705823157
7244,TABARA 400,400,41.759742365122,-5.8615051089445
12673,TORDESILLAS 400,400,41.506704904627,-5.013333330411
7239,VALDECARRETAS 400,400,41.449660227155,-5.3659428186935
6962,VELILLA 400,400,42.821915896414,-4.8582145164697
6963,VILECHA 400,400,42.552885132547,-5.574800967622
6967,VILLAMECA 400,400,42.631696683954,-12.041023162095
6971,VIRTUS 400,400,43.002276770487,-3.845238117072
13307,BARCINA 400,400,42.777208388564,-3.2153446725509
6853,BRAZATORTAS 400,400,38.652429980643,-4.2538638316872
6855,CAMPANARIO 400,400,38.88291826662,-1.2783134378123
12784,FUENTES DE LA ALCARRIA 400,400,40.747720982919,-2.9841582103173
12942,MANZANARES 400,400,39.044739902627,-3.3443515369052
12973,MINGLANILLA 400,400,39.524812389109,-1.5651661453601
13180,ROMICA 400,400,39.043972724429,-1.7994985054817
6876,TRILLO 400,400,40.702988655026,-2.6254512302913
6877,VILLANUEVA DE LOS ESCUDEROS 400,400,40.03010179112,-2.3230531031236
13325,LA PINILLA 400,400,38.764470085719,-1.6024152675489
13517,MANCHEGA 400,400,39.025829854428,-1.8961253068355
6803,CALDERS 400,400,41.767152279195,7.9351392110276
6804,CAN BARBA 400,400,41.551919193106,8.0570598499206
12793,GARRAF 400,400,41.255044061917,7.7191396471946
12868,LA ESPLUGA 400,400,41.405093841588,7.1241495699389
12938,MAIALS 400,400,41.388539416884,6.5052527219868
13057,PIEROLA 400,400,41.523076385706,7.8295785222327
13183,RUBI 400,400,41.473199693747,8.0096118960718
7214,SANTA LLOGAIA 400,400,42.230048802662,8.9467546193617
6842,VANDELLOS 400,400,40.976426465232,6.8788686532183
6800,ASCÓ 400,400,41.204315616384,6.5710048143603
13316,SALLENTE 400,400,42.506887919925,6.9915137116851
7320,BESCANO 400,400,41.972567948467,8.6961349935999
6977,ARAÑUELO 400,400,39.95038308824,-5.5899943737967
6979,BIENVENIDA 400,400,38.317273785268,-12.197892115492
6980,BROVALES 400,400,38.319984637262,-12.702724918656
6982,CAÑAVERAL 400,400,39.799362146689,-12.361075017427
6983,CARMONITA 400,400,39.094995227655,-12.36900807668
12684,CEDILLO 400,400,39.664242209679,-13.533234773269
13217,SAN SERVAN 400,400,38.806408399704,-12.51588116175
6999,VALDECABALLEROS 400,400,39.291526364976,-5.1825228332975
13323,J.M.ORIOL 400,400,39.724375327137,-12.877505249688
13319,ALMARAZ CN 400,400,39.807630689244,-5.6937784847938
12582,BEARIZ 400,400,42.46963497966,-14.27598833309
7004,BOIMENTE 400,400,43.589001630504,-13.553313411559
12929,LUDRIO 400,400,43.128660733725,-13.41639692569
13090,PUENTES G.R. 400,400,43.439475057323,-13.860666851003
7225,SILLEDA 400,400,42.746821978768,-14.251264855764
13305,TRIVES 400,400,42.3442778069,-13.281500438697
12680,XOVE 400,400,43.693287906813,-13.503960848967
13303,MESON D.V. 400,400,43.167450641861,-14.355964503985
7184,AMOREBIETA 400,400,43.235916850284,-2.7494350643449
12795,GATICA 400,400,43.349959245469,-2.8802517860781
12826,HERNANI 400,400,43.256299763293,-1.9754143118682
7202,ZIERBENA 400,400,43.358791889623,-3.0910294482475
7186,AZPEITIA 400,400,43.213070267738,-2.2523394880768
7256,ANCHUELO 400,400,40.464874822961,-3.2966944954531
12779,FUENCARRAL 400,400,40.519065094972,-3.6716869745628
12863,LA CEREAL 400,400,40.60044962798,-3.7230739291342
12913,LOECHES 400,400,40.387765146705,-3.4223267029702
12992,MORALEJA 400,400,40.260026311174,-3.8755278632283
12994,MORATA 400,400,40.255880087004,-3.4426559187319
13207,SAN FERNANDO 400,400,40.443955856273,-3.5081734198572
7228,TORREJON DE VELASCO 400,400,40.176829408259,-3.7450378145081
12678,VILLAVICIOSA 400,400,40.346739638766,-3.9061399658654
6881,AYORA 400,400,39.041322577525,-1.0075141192842
6884,BENEJAMA 400,400,38.718517432271,-0.72240992142127
12683,CATADAU 400,400,39.250790229238,-0.56122630559134
12706,COFRENTES 400,400,39.214112937996,-1.0546186076654
12801,GODELLETA 400,400,39.443186167809,-0.67173522718567
12888,LA PLANA 400,400,39.967142703365,-0.097017136861521
12996,MORELLA 400,400,40.611191986865,-0.19517789777956
12998,MORVEDRE 400,400,39.642227905153,-0.23628480487288
13170,REQUENA 400,400,39.459158702584,-0.98823601922447
13177,ROCAMORA 400,400,38.148729416916,-0.94656720049844
7227,SAX 400,400,38.56174420905,-0.86167140946811
6913,TORRENTE 400,400,39.422940026902,-0.45519181506643
13324,MUELA 400,400,39.243859445378,-0.93157295154828
13321,ELIANA 400,400,39.554873615177,-0.51082273851062
7158,ASOMADA 400,400,37.633022610396,-0.96077841731985
12589,CAMPOS 400,400,37.838495966691,-1.215398081431
7160,CARRIL 400,400,37.436939994991,-1.7184744507747
12745,EL PALMAR 400,400,37.940667685415,-1.1882425727853
12772,FAUSITA 400,400,37.564229339966,-0.95104814833173
13015,NUEVA ESCOMBRERAS 400,400,37.572600864644,-0.94151644026288
13050,PEÑARRUBIA 400,400,38.52185075517,-1.3334159713573
7169,TOTANA 400,400,37.765552411247,-1.4453634951918
12749,EL PALO 400,400,43.270236215217,-12.676727745586
12864,LADA 400,400,43.3053326053,-5.6980166353749
13010,NARCEA 400,400,43.291791311275,-12.395310687841
13053,PESOZ 400,400,43.243057466552,-12.865870897747
13194,SALAS 400,400,43.366346033985,-12.302067383822
6785,SOTO DE RIBERA 400,400,43.313578541797,-5.8878730517331
7170,CASTEJON 400,400,42.170707648614,-1.675792475773
7178,SERNA 400,400,42.09723287783,-1.6670924359263
7207,SANTA ENGRACIA 400,400,42.347560825749,-2.2634854547296
7226,BELINCHON 400,400,40.03414684189,-3.0797694822307
7230,VITORIA 400,400,42.883614343443,-2.6030418435136
13520,VILLANUEVA DEL REY 400,400,37.527578584636,-5.1642026162538
12583,BEGUES 400,400,41.355525850414,7.9024170701462
7373,SANTA MARIA DE GRADO 400,400,43.388504038404,-5.9952157878355
6917,ALDEADAVILA 400,400,41.207701625051,-12.67849814708
12726,DON RODRIGO 400,400,37.245467322017,-5.8436541669977
20677,BAZA 400,400,37.55904310693,-2.747342273717
13341,FUENTE DEL MAESTRE 400,400,38.533005458679,-12.453854845437
13021,OLMEDILLA 400,400,39.638018244407,-2.0846097057284
13313,PLATEA 400,400,40.444003352228,-1.1162084076134
13340,LLERENA 400,400,38.240004592795,-12.025969376078
13335,FUENTE DE CANTOS 400,400,38.247323714655,-12.297456903669
6672,ALCORES 220,220,37.386393756483,-5.8559410795546
6673,ALGECIRAS 220,220,36.183198710567,-5.3883097249159
6674,ALHAURIN 220,220,36.655972728618,-4.5754027163852
6675,ALJARAFE 220,220,37.344492083784,-12.094539206386
6676,ALMODOVAR DEL RIO 220,220,37.750799286373,-5.0202174743246
6677,ANDUJAR 220,220,38.043517814159,-3.9958307374844
6679,ATARFE 220,220,37.225246408505,-3.6972806168243
6682,BENAHADUX 220,220,36.908045353068,-2.4654367923142
7331,BERJA 220,220,36.834340444559,-2.9204953612487
6684,CAPARACENA 220,220,37.26786802166,-3.7261709619107
12592,CARMONA 220,220,37.55691840287,-5.7591094943323
7401,CARTAMA 220,220,36.750617868855,-4.605382532298
6686,CARTUJA 220,220,36.618295881987,-12.119791983107
6687,CASAQUEMADA 220,220,37.440374537913,-12.266255373254
12686,CENTENARIO 220,220,37.392030702476,-12.012514677568
12696,CHUCENA 220,220,37.342325931256,-12.38475463981
12717,COSTA DE LA LUZ 220,220,37.307022526712,-13.207600433192
12718,COSTASOL 220,220,36.522932767973,-4.8596192870204
12720,CRISTOBAL COLON 220,220,37.216900281909,-12.943391393303
12725,DON RODRIGO 220,220,37.245467322017,-5.8436541669977
12727,DOS HERMANAS 220,220,37.298542458486,-5.906006602997
12757,ENTRENUCLEOS 220,220,37.314522791312,-5.9448004701463
12767,FACINAS 220,220,36.145096283737,-5.717783953031
12770,FARGUE 220,220,37.196290234315,-3.5749492016883
12785,GABIAS 220,220,37.145501273194,-3.6706240072872
12797,GAZULES 220,220,36.496317910638,-5.7848126066059
12818,GUILLENA 220,220,37.636044840533,-12.098751304828
12842,ILLORA 220,220,37.240274261757,-3.8849938491705
12881,LANCHA 220,220,37.917510858544,-4.7097498482548
12919,LOS MONTES 220,220,36.745466825783,-4.3889151921186
12922,LOS RAMOS 220,220,36.729807263277,-4.4723600853853
12974,MIRABAL 220,220,36.697425094474,-12.065274024581
13014,NUEVA CASARES 220,220,36.40531938153,-5.2200472691673
13019,OLIVARES 220,220,37.799490326835,-3.8016699925366
13024,ONUBA 220,220,37.299527511829,-12.925034716278
13026,ORGIVA 220,220,36.89513514332,-3.4197545834481
13035,PALOS 220,220,37.184705561373,-12.882968276194
13071,POLIGONO 220,220,36.69442717356,-4.4660934687224
13081,PUEBLA DE GUZMAN 220,220,37.548222119769,-13.241236318391
13091,PUERTO DE LA CRUZ 220,220,36.07221984291,-5.6151198921531
13095,PUERTO DE SANTA MARIA 220,220,36.670434080855,-12.30073789819
13097,PUERTO REAL 220,220,36.517724605159,-12.155405508004
13104,QUINTOS 220,220,37.349502642917,-5.9523122190511
13178,ROCIO 220,220,37.144728322109,-12.493902390296
13195,SALERES 220,220,36.962475207891,-3.616397258806
13197,SALTERAS 220,220,37.481606340704,-12.069891623278
7329,SANTA ELVIRA 220,220,37.389960733451,-5.9306611037996
6726,SANTIPONCE 220,220,37.42560965711,-12.03981135682
6727,TABERNAS 220,220,37.070880564929,-2.3123478469677
6730,TORREARENILLAS 220,220,37.191164257444,-12.903029163904
6732,VILLANUEVA DEL REY 220,220,37.527578584636,-5.1642026162538
13414,TAJO ENCANTADA 220,220,36.895071576296,-4.7457559842002
13413,PINAR DE REY 220,220,36.248298540621,-5.4115462422769
13409,CAÑUELO 220,220,36.213727844687,-5.4526081889298
13411,GUADAME 220,220,38.048620837877,-4.1934112076732
6688,CASILLAS 220,220,37.857756011283,-4.8130649375748
12756,EL ZUMAJO 220,220,36.297780214169,-5.9893641649141
13408,LOS BARRIOS 220,220,36.18439435021,-5.4202919065035
6735,AVE ZARAGOZA 220,220,41.570281497744,-0.7893187944417
6736,BIESCAS 220,220,42.628397626166,-0.31568732072195
6737,CALAMOCHA 220,220,40.914535651623,-1.2864700494588
6738,CARTUJOS 220,220,41.589747920242,-0.84257407618086
12699,CINCA 220,220,41.923319735886,6.1935729071714
12758,ENTRERRIOS 220,220,41.748530291683,-1.186791988125
12761,ESCATRON 220,220,41.293900382882,-0.34067772471244
12763,ESCUCHA 220,220,40.796157282117,-0.81565280635106
12764,ESPARTAL 220,220,41.543151555258,-0.67918876583871
12766,ESQUEDAS 220,220,42.21539280209,-0.57162412738083
12780,FUENDETODOS 220,220,41.336870533914,-0.97686860653766
12802,GRADO 220,220,42.153360193778,6.2330630546475
12822,GURREA 220,220,42.037916930912,-0.77361401658415
12831,HIJAR 220,220,41.172714208044,-0.41875109387191
12848,JALON 220,220,41.697426799196,-1.2880891183002
12872,LA FORTUNADA 220,220,42.54255964103,6.1966850907841
12882,LANZAS AGUDAS 220,220,41.862616282593,-1.6929048352746
12918,LOS LEONES 220,220,41.691115581928,-0.87334083243869
12924,LOS VIENTOS 220,220,41.493348044236,-1.1381944190145
12934,MAGALLON 220,220,41.846865500616,-1.3812960767016
12948,MARIA 220,220,41.505181457929,-1.0137706091504
12957,MEDIANO 220,220,42.31302037459,6.2118834484812
12964,MEQUINENZA 220,220,41.368015068411,6.2774592418323
12971,MEZQUITA 220,220,40.723948109854,-0.84984879386729
12987,MONTETORRERO 220,220,41.596656629593,-0.85385416383957
12989,MONZON 220,220,41.933718880046,6.1756761150439
13047,PEÑAFLOR 220,220,41.721757863023,-0.74164679904411
13069,PLAZA 220,220,41.629940831644,-0.99750148979745
13187,SABIÑANIGO 220,220,42.51639539302,-0.35809749501731
6774,VALDECONEJOS 220,220,40.793404369791,-0.88169352992313
6775,VILLANUEVA DE GALLEGO 220,220,41.742661210756,-0.84675332910632
12759,ERISTE 220,220,42.58893097903,6.4919486565991
13370,MORALETS 220,220,42.569176851539,6.756713463258
6772,SESUE 220,220,42.54302148408,6.4702915766917
7076,ABONA 220,220,28.079109586248,-16.502214071242
13416,BARRANCO TIRAJANA 220,220,27.806469794917,-15.438574023138
13423,PORIS 220,220,28.160727667377,-16.445832740432
12803,GRANADILLA 220,220,28.085514176123,-16.496137901804
6790,AGUAYO 220,220,43.119427225565,-4.0200349370389
6792,ASTILLERO 220,220,43.395634305849,-3.8271211900081
12697,CICERO 220,220,43.392419221703,-3.5240003528023
12951,MATAPORQUERA 220,220,42.87962943268,-4.1605604405169
13087,PUENTE S.MIGUEL 220,220,43.356562107296,-4.079028870942
7220,CACICEDO 220,220,43.436073208835,-3.8673537159354
6915,ALCOCERO DE MOLA 220,220,42.48640661943,-3.3658686230042
12698,CILLAMAYOR 220,220,42.868109642764,-4.2611075203595
12710,COMPOSTILLA 220,220,42.614026585435,-12.566237702735
12736,EL CERRO 220,220,42.733433769062,-3.6497061351052
12812,GUARDO 220,220,42.818501230603,-4.8523221520272
12895,LAS ARROYADAS 220,220,41.525402623822,-4.714278456961
12900,LAS MAZORRAS 220,220,42.852824104938,-3.6376870805261
12927,LUBIAN 220,220,42.039008241802,-12.893026575346
12959,MEDINA DEL CAMPO 220,220,41.327472949072,-4.9109307771468
12979,MONCAYO 220,220,41.746378180905,-1.9239592978152
12981,MONTEARENAS 220,220,42.572977022205,-12.550126910827
13000,MUDARRA 220,220,41.789660715334,-4.9366149630464
13034,PALENCIA 220,220,41.998887623579,-4.499295690666
13083,PUEBLA DE SANABRIA 220,220,42.06160729967,-12.623762995577
13169,RENEDO 220,220,41.643553391827,-4.6772354340814
13173,RICOBAYO 220,220,41.527678042016,-5.9877398917561
6954,SANTA MARINA 220,220,42.669827423654,-12.512932285123
6955,SANTIZ 220,220,41.196939882825,-5.8762246145213
6956,SAUCELLE 220,220,41.043477756207,-12.806849634546
6958,TORDESILLAS 220,220,41.506704904627,-5.013333330411
6959,TREVAGO 220,220,41.872979369233,-2.1212757218663
7371,VALLADOLID NUEVO 220,220,41.647742707593,-4.7428511106793
6960,VALLEJERA 220,220,42.168605186947,-4.1694015963993
6789,VILLABLINO 220,220,42.939030720563,-12.28763096279
6964,VILLALBILLA 220,220,42.341055806626,-3.780601159508
6965,VILLALCAMPO 220,220,41.490972503584,-12.089266942517
6966,VILLAMAYOR 220,220,40.98949808823,-5.6901234039677
6968,VILLARINO 220,220,41.255316955546,-12.488219792831
6970,VILLIMAR 220,220,42.371754202074,-3.6516421975847
6972,ZAMORA 220,220,41.535826360018,-5.7356244131413
6973,ZARATAN 220,220,41.638488713269,-4.8132864550011
13358,MIRANDA DE EBRO 220,220,42.69598443347,-2.9208536351272
13023,ONCALA 220,220,41.963089968995,-2.2467142704142
13360,PARAMO DE POZA 220,220,42.681797794294,-3.5505446960144
6916,ALDEADAVILA 220,220,41.207701625051,-12.67849814708
13347,ONDINAS 220,220,42.842833515897,-12.469904175583
13046,PEÑADRADA 220,220,42.767224453899,-12.532511301085
6847,ACECA 220,220,39.94210913588,-3.8576191492029
6848,ALARCOS 220,220,38.947605969235,-3.9618176846021
6850,ARENAS DE SAN JUAN 220,220,39.243336445187,-3.4930706173971
6852,BOLARQUE 220,220,40.364549521562,-2.8300339401846
7409,BRAZATORTAS 220,220,38.652429980643,-4.2538638316872
12730,EBORA 220,220,39.964409071774,-4.7879196750909
12738,ELCOGAS 220,220,38.657056653692,-3.9871421715206
12836,HUELVES 220,220,40.059070740249,-2.939270627979
12855,JOSE CABRERA 220,220,40.349501309124,-2.8859271039291
12885,LA PALOMA 220,220,39.020846943306,-3.374970549177
12901,LA SOLANA 220,220,38.678408170535,-4.1457995167517
12933,MADRIDEJOS 220,220,39.48695321098,-3.5311658088386
12946,MANZANARES 220,220,39.044739902627,-3.3443515369052
13020,OLMEDILLA 220,220,39.638018244407,-2.0846097057284
13055,PICON 220,220,39.020908915764,-4.1078191383848
13096,PUERTOLLANO 220,220,38.647315264729,-4.1245335072979
6874,TALAVERA 220,220,40.00341806348,-4.8227619793383
6875,TORRIJOS 220,220,39.999360371114,-4.2695154843201
6878,VILLARES DEL SAZ 220,220,39.861695846223,-2.5698781425214
13395,CARROYUELAS 220,220,39.484260736238,-3.5809044548096
13401,PRADILLOS 220,220,40.132031239726,-3.8203421367079
6797,ABRERA 220,220,41.507778901421,7.8940961328313
6798,ADRALL 220,220,42.323595587886,7.3949254954834
12578,ALBATARREC 220,220,41.577469333085,6.6221867767553
7322,ANOIA 220,220,41.577066049891,7.6670163310669
6801,BELLICENS 220,220,41.115480499178,7.1637166759999
6802,BESOS NUEVO 220,220,41.420634655319,8.2288428687709
6805,CAN JARDI 220,220,41.475169426199,8.023075667049
6806,CASTELLET 220,220,41.255903715406,7.5813327182185
12685,CENTELLES 220,220,41.808034480449,8.2121771313182
12687,CERCS 220,220,42.174318143997,7.8548700468597
12713,CONSTANTI 220,220,41.135663094026,7.2250491914193
12753,ELS AUBALS 220,220,41.118451140356,6.6417671752184
12776,FRANQUESES 220,220,41.64246047091,8.28195940327
13365,GRAMANET 220,220,41.460184800576,8.1911311503957
12859,JUIA 220,220,42.022791005526,8.9008812973954
12861,JUNEDA 220,220,41.530652792071,6.8282162778198
12867,LA ESPLUGA 220,220,41.405093841588,7.1241495699389
12898,LA SELVA 220,220,41.209397101688,7.1504062431519
12910,LLAVORSI 220,220,42.49595395975,7.2127609866416
12943,MANGRANERS 220,220,41.611930199729,6.6685250131197
12980,MONTBLANC 220,220,41.39590813902,7.1344466264045
12999,MOTORS 220,220,41.345309351423,8.130101997744
13033,PALAU 220,220,41.568106163491,8.185642941931
13051,PERAFORT 220,220,41.19473412641,7.2488816120406
13075,PONT DE SUERT 220,220,42.403616161109,6.7384890110168
13098,PUIGPELAT 220,220,41.283297826071,7.2913959456149
13099,PUJALT 220,220,41.679247550262,7.4459556828625
13172,RIBA-ROJA 220,220,41.242227370623,6.4308535279708
13182,RUBI 220,220,41.473199693747,8.0096118960718
13184,RUBIO 220,220,41.648743979604,7.5912203008337
6834,SANT ANDREU 220,220,41.446525504784,8.1884456641706
6835,SANT BOI 220,220,41.335534566115,8.0406100878615
6836,SANT CELONI 220,220,41.706711488687,8.470388798374
6837,SANT FOST 220,220,41.51182845955,8.2182704493372
6840,TARRAGONA 220,220,41.113662599148,7.1981435544137
6841,TRINITAT 220,220,41.448429900639,8.1889345834053
6843,VIC 220,220,41.957941324467,8.2823216475161
6844,VILADECANS 220,220,41.325191498884,8.0282291850498
7229,ZAL 220,220,41.313100139952,8.1310132406395
6845,ZONA FRANCA 220,220,41.323063020274,8.1332842925972
13363,AEROPUERTO BARCELONA 220,220,41.314860175051,8.1034103225896
13374,POBLA 220,220,42.249912232253,6.9725105346092
13368,MAS FIGUERES 220,220,41.554747768285,8.0481418464303
12691,CERVELLO 220,220,41.405941928386,7.9890992536631
12705,CODONYERS 220,220,41.477935675707,8.0990465519245
12870,LA FARGA 220,220,42.062656072451,8.8827737150038
7297,SENTMENAT 220,220,41.61956509404,8.1107508612389
7299,SUBIRATS 220,220,41.426953870424,7.8213254854478
7286,SANT CUGAT 220,220,41.486876949907,8.0765914666023
7295,BEGUES 220,220,41.355525850414,7.9024170701462
7219,CASTELLBISBAL 220,220,41.445388501186,7.9864922723816
6975,ALMARAZ E.T. 220,220,39.820997007328,-5.6644497758604
6976,ALVARADO 220,220,38.787202547643,-12.799780214118
6978,BALBOA 220,220,38.325317271215,-12.712599102765
6981,CACERES 220,220,39.479163407106,-12.356914363895
6984,CASATEJADA 220,220,39.974977994028,-5.7036098985982
12917,LOS ARENALES 220,220,39.506693551338,-12.425098724089
12968,MERIDA 220,220,38.896259138054,-12.342122936299
13066,PLASENCIA 220,220,40.022413846513,-12.094581335424
13216,SAN SERVAN 220,220,38.806408399704,-12.51588116175
6996,TORREJON 220,220,39.835631114426,-5.9894974743556
6997,TRUJILLO 220,220,39.454806402345,-5.8905045791578
6998,VAGUADAS 220,220,38.837903042991,-12.979132206773
13398,J.M.ORIOL 220,220,39.724375327137,-12.877505249688
12577,ABEGONDO 220,220,43.219900805353,-14.295517241432
7000,ALBARELLOS 220,220,42.39768272869,-14.159011099699
7002,ATIOS 220,220,42.138044524875,-14.622182260401
7003,BELESAR 220,220,42.626342042829,-13.71348868489
7005,CASTRELO 220,220,42.291552446226,-14.113665511184
12693,CHANTADA 220,220,42.625595050593,-13.767645054622
12712,CONSO 220,220,42.16775512188,-13.174341240267
12777,FRIEIRA 220,220,42.153529201508,-14.192543903451
12873,LA GRELA 220,220,43.342677240384,-14.429020516219
12925,LOURIZAN 220,220,42.417462480258,-14.664888342062
12926,LOUSAME 220,220,42.8174313255,-14.780988271896
12955,MAZARICOS 220,220,42.891367082468,-15.03019946784
12961,MEIRAMA 220,220,43.16911517999,-14.40941862938
12988,MONTOUTO 220,220,42.124253803896,-14.312060104058
13044,PAZOS DE BORBEN 220,220,42.26317847883,-14.589723853375
13077,PORTODEMOUROS 220,220,42.85372093805,-14.189701840712
13103,QUEREÑO 220,220,42.416886625561,-12.831116445122
13168,REGOELLE 220,220,43.014067452703,-15.051104191568
13188,SABON 220,220,43.329329307472,-14.500776301423
13202,SAN CAYETANO 220,220,42.890944913822,-14.531438349548
13205,SAN ESTEBAN 220,220,42.414204255697,-13.653295458318
13212,SAN PEDRO 220,220,42.451117655499,-13.712851126766
7034,SANTIAGO 220,220,42.392615074148,-13.089402410889
7037,SIDEGASA 220,220,43.1513366929,-14.023720602222
7040,SUIDO 220,220,42.26136427544,-14.269383603801
7042,TIBO 220,220,42.58519161178,-14.643501726362
7043,TOMEZA 220,220,42.387124191419,-14.628928391147
7044,TRIVES 220,220,42.3442778069,-13.281500438697
7045,VELLE 220,220,42.357788798165,-13.848776610606
7046,VIMIANZO 220,220,43.101619883031,-15.048442612668
12774,FONTEFRIA 220,220,42.252530036233,-14.316775589169
13350,PARQUE EOLICO DO SIL 220,220,42.357919917919,-13.636401188263
13346,MESON D.V. 220,220,43.167450641861,-14.355964503985
13354,TAMBRE 220,220,42.83064686673,-14.8453016424
13353,SANTIAGO DE COMPOSTELA 220,220,42.854311945772,-14.578533200015
13344,CORNATEL 220,220,42.470604545821,-12.814699044497
13078,PRADA 220,220,42.329501007031,-13.038072127394
13084,PUENTE BIBEY 220,220,42.314430022447,-13.222910389805
7038,SOBRADELO 220,220,42.414391816714,-12.920364966462
7056,CA'S TRESORER 220,220,39.566566359628,2.6873628697032
13007,MURTERAR 220,220,39.80926255852,3.0920589705038
7074,SON REUS 220,220,39.650684424719,2.6787710088594
7181,ABADIANO 220,220,43.13819233841,-2.5959973405996
7182,ALI 220,220,42.856350357857,-2.7075554377293
7183,ALONSOTEGUI 220,220,43.247115567084,-2.9824952929925
7187,BASAURI 220,220,43.221080184069,-2.895264492715
12742,ELGEA 220,220,42.8925388208,-2.4502443237462
12789,GAMARRA 220,220,42.8691010555,-2.6657187931961
12794,GATICA 220,220,43.349959245469,-2.8802517860781
12825,HERNANI 220,220,43.256299763293,-1.9754143118682
12860,JUNDIZ 220,220,42.836157951029,-2.7465567909518
12875,LA JARA 220,220,43.203420315274,-3.1041916727657
12874,LAGUARDIA 220,220,42.507702541986,-2.5847435294241
13027,ORMAIZTEGUI 220,220,43.044022667485,-2.2417786868646
13028,ORTUELLA 220,220,43.314172789371,-3.0374518182713
13085,PUENTELARRA 220,220,42.755782170287,-3.0485198861342
7199,SANTURCE 220,220,43.338399744209,-3.0529918441407
7201,VITORIA 220,220,42.883614343443,-2.6030418435136
7240,ZAMUDIO 220,220,43.301252330516,-2.8640628590803
7252,AYALA 220,220,43.084683900883,-3.0113443868686
7185,ARKALE 220,220,43.305040276379,-1.8430489478571
12845,IRUN 220,220,43.337859858542,-1.8117402607642
7133,AENA 220,220,40.509656790555,-3.5978670205579
7310,ALGETE 220,220,40.592767857149,-3.5520250041522
12580,ANCHUELO 220,220,40.464874822961,-3.2966944954531
7134,ARDOZ 220,220,40.441524697301,-3.4829268381569
7272,ARGANDA 220,220,40.302014482594,-3.4592199092053
7325,ARROYO DE LA VEGA 220,220,40.536015865685,-3.5966544348268
7289,BOADILLA 220,220,40.407646960454,-3.9088786486564
7285,BUENAVISTA 220,220,40.310427270089,-3.7507057836659
7353,CANILLEJAS 220,220,40.43446955211,-3.6144400959878
12716,COSLADA 220,220,40.421997079827,-3.5756151048397
12722,DAGANZO 220,220,40.553760472047,-3.4788420307051
12778,FUENCARRAL 220,220,40.519065094972,-3.6716869745628
12782,FUENLABRADA 220,220,40.276599755207,-3.7817081608559
12798,GETAFE 220,220,40.318623019602,-3.6908837640095
12904,LA TORRECILLA 220,220,40.318913473668,-3.6133778976339
12905,LEGANES 220,220,40.313760437824,-3.7771897565292
12912,LOECHES 220,220,40.387765146705,-3.4223267029702
12928,LUCERO 220,220,40.340865386345,-3.8835311503109
12940,MAJADAHONDA 220,220,40.448521532407,-3.8843172518996
12956,MECO 220,220,40.540402165599,-3.31416490956
12960,MEDIODIA 220,220,40.406430040022,-3.6917063950909
12976,MIRASIERRA 220,220,40.490934289184,-3.7180725746192
12991,MORALEJA 220,220,40.260026311174,-3.8755278632283
12993,MORATA 220,220,40.255880087004,-3.4426559187319
13038,PARLA 220,220,40.222452922175,-3.7651427088369
13063,PINTO 220,220,40.253519691142,-3.7397234630494
13064,PINTO AYUDEN 220,220,40.263505558468,-3.7228641575512
13079,PRADO SANTO DOMINGO 220,220,40.325518311725,-3.8382158468161
13171,RETAMAR 220,220,40.334816307753,-3.7225964787769
7277,SIMANCAS 220,220,40.436190559244,-3.6282861148117
7151,TRES CANTOS 220,220,40.617334651783,-3.7047988083604
7290,TRES CANTOS GIS 220,220,40.616316478799,-3.7057460075188
7152,VALDEMORO 220,220,40.162850794313,-3.6444944491329
7153,VALLECAS 220,220,40.388796554146,-3.6201289959901
7156,VILLAVICIOSA 220,220,40.346739638766,-3.9061399658654
13405,PTE.SAN FERNANDO 220,220,40.449328011044,-3.5140798711307
13394,FORTUNA 220,220,40.347154201292,-3.7832894863131
13391,COMPLUTUM 220,220,40.449594634121,-3.6055232192059
7155,VILLAVERDE 220,220,40.341387252696,-3.6688761600222
13072,POLIGONO C 220,220,40.379078294852,-3.7622957380469
7359,VALLE DEL ARCIPRESTE 220,220,40.487821993565,-3.8942855253658
6879,ALBAL 220,220,39.39760128367,-0.44520264602075
6880,ALCIRA 220,220,39.149431987051,-0.45790093536556
6882,BECHI 220,220,39.927903866873,-0.1781660428463
6883,BENADRESA 220,220,40.003587129462,-0.086296144874847
12585,BENEJAMA 220,220,38.718517432271,-0.72240992142127
6885,CAMPOAMOR 220,220,37.907177175895,-0.78393977415362
6886,CASTALLA 220,220,38.595806649262,-0.72167982323779
12734,EL CANTALAR 220,220,38.424545733457,-0.42065691184493
12748,EL PALMERAL 220,220,38.328615159044,-0.51933478540517
12737,ELCHE 220,220,38.264477743239,-0.63618340692621
12783,FUENTE SAN LUIS 220,220,39.439170830429,-0.37342640412901
12844,INGENIO 220,220,39.978399134321,-0.015446039895912
12850,JIJONA 220,220,38.492059618567,-0.47792193978187
12887,LA PLANA 220,220,39.967142703365,-0.097017136861521
12983,MONTEBELLO 220,220,38.596046575128,-0.13948248892946
13012,NOVELDA 220,220,38.374469269925,-0.75687023304841
13101,QUART DE POBLET 220,220,39.480449151858,-0.52659872033254
13179,ROJALES 220,220,38.056319249754,-0.73654207779039
13191,SAGUNTO 220,220,39.672672428128,-0.26816364766972
13193,SALADAS 220,220,38.299206234961,-0.62029360136891
13211,SAN MIGUEL DE SALINAS 220,220,38.0002778582,-0.76532022711473
6909,SAN VICENTE 220,220,38.396973018427,-0.53844355101398
7311,SANTA POLA 220,220,38.218614708821,-0.55518315235913
6910,SEGORBE 220,220,39.827343709003,-0.45658815265805
6912,TORRENTE 220,220,39.422940026902,-0.45519181506643
6914,VALL D'UXO 220,220,39.793460044788,-0.22122464076248
13403,EL PETREL 220,220,38.438733751452,-0.78212922461649
13383,ALDAIA 220,220,39.45168605488,-0.50117123778734
7350,VALLDIGNA 220,220,39.060794649,-0.27921533043009
7301,AQUA 220,220,39.456148623308,-0.34754409978994
13392,ELIANA 220,220,39.554873615177,-0.51082273851062
13192,SAGUNTO GIS 220,220,39.673172819816,-0.26783933012838
7305,BENIFERRI 220,220,39.493746334609,-0.4087654842995
12790,GANDIA 220,220,38.982046528085,-0.18500909826197
7253,BALSICAS 220,220,37.797171939438,-0.95844707805589
12744,EL PALMAR 220,220,37.940667685415,-1.1882425727853
12771,FAUSITA 220,220,37.564229339966,-0.95104814833173
12835,HOYA MORENA 220,220,37.741753037971,-0.87447557018568
13213,SAN PEDRO DEL PINATAR 220,220,37.859452736107,-0.81486221963407
6776,CARRIO 220,220,43.556243656005,-5.7286150390141
6783,SIERO 220,220,43.37943707889,-5.7572835392065
6784,SOTO DE RIBERA 220,220,43.313578541797,-5.8878730517331
6786,TABIELLA 220,220,43.575383989466,-5.8975768987304
6788,TELLEDO 220,220,43.026900284238,-5.8384743681054
13349,LA PEREDA 220,220,43.273450742833,-5.8099839529943
12714,CORDOVILLA 220,220,42.78625668904,-1.6348402492432
13008,MURUARTE 220,220,42.669471291448,-1.6541361802164
13018,OLITE 220,220,42.413161808679,-1.6794487156006
13025,ORCOYEN 220,220,42.819141183701,-1.7087617999714
13208,SANGÜESA 220,220,42.598407830903,-1.2754481989211
7177,SERNA 220,220,42.09723287783,-1.6670924359263
7179,TAFALLA 220,220,42.502106137841,-1.6842081658497
7180,TUDELA 220,220,42.050543564878,-1.6155198727862
12754,EL SEQUERO 220,220,42.417386042706,-2.2524230843781
12824,HARO 220,220,42.568273785081,-2.8851832392069
12915,LOGROÑO 220,220,42.458061903302,-2.4909167607592
13102,QUEL 220,220,42.278211527643,-2.0186642322233
12664,SANTA ENGRACIA 220,220,42.347560825749,-2.2634854547296
12581,ARBILLERA 220,220,42.047639577988,-12.543877198586
12792,GAROÑA 220,220,42.77446184171,-3.2055787171025
13045,PENEDES 220,220,41.364497011875,7.7083905543342
13174,RIERA DE CALDES 220,220,41.548384709379,8.1726826533001
13352,S.AGUSTIN 220,220,42.153325037421,-13.062869577086
16767,SAGUNTUM 220,220,39.649367255392,-0.24336268393346
13515,BARRUNDIA 220,220,43.043270069517,-2.6681269972268
12701,CISNEROS 220,220,40.438678274669,-3.70310569876
12665,SOLORZANO 220,220,43.340498141797,-3.5859043935191
12821,GUIXERES 220,220,41.462337341805,8.2599807038135
12834,HOSPITALET 220,220,41.345990984238,8.1000602696235
12731,EIRIS 220,220,43.342992022584,-14.397825559784
7270,AGUACATE 220,220,40.364870978706,-3.7482780619024
13041,PARQUE INGENIEROS 220,220,40.350236150114,-3.7023276767366
7342,ARAVACA 220,220,40.464407998091,-3.8063832451093
7281,CAMINO FREGACEDOS 220,220,40.291515716493,-3.8169904288123
13086,PUENTE PRINCESA 220,220,40.383512215115,-3.6932769887145
12773,FERIA DE MUESTRAS 220,220,39.502527936436,-0.42716998313983
13204,SANCHO LLOP 220,220,38.964189865457,-0.17496991790504
13400,MORVEDRE B 220,220,39.642227905153,-0.23628480487288
13056,PIEROLA 220,220,41.523076385706,7.8295785222327
13389,CERRO PLATA 220,220,40.396776044841,-3.6764711973219
6961,VALPARAISO 220,220,41.997154181286,-12.27384362096
13378,LA CANONJA 220,220,41.108527866365,7.1917749688164
12787,GALAPAGAR 220,220,40.598573242314,-4.0048783118757
13364,FOIX 220,220,41.209799449,7.6579605166119
7154,VENTAS DEL BATAN 220,220,40.400735855546,-3.7610118610465
6969,VILLATORO 220,220,42.378764755971,-3.7032210448135
16765,RIUDARENES 220,220,41.818639776604,8.7141290089185
13412,VENTILLA 220,220,36.752115259341,-4.4516268623278
12892,LA ROCA 220,220,41.587436811909,8.3200328088064
12853,JORDANA 220,220,36.444048841278,-5.2186188127015
13345,LOMBA 220,220,42.585920706767,-12.624448567194
12800,GODELLETA 220,220,39.443186167809,-0.67173522718567
7376,ASCÓ 220,220,41.204315616384,6.5710048143603
13355,TIERRA ESTELLA 220,220,42.680878792395,-2.026328564204
12806,GRAN TARAJAL 132,132,28.233031486889,-14.019676471476
12849,JARES 132,132,28.238378850666,-14.102863520033
12952,MATAS BLANCAS 132,132,28.121830508189,-14.28357681763
12703,CIUDADELA 132,132,40.003248105826,3.8552966515793
12728,DRAGONERA 132,132,39.890962756579,4.2369354816916
12838,IBIZA 132,132,38.919577798891,1.4305972197264
12937,MAHON 132,132,39.897105248677,4.2578500473955
12966,MERCADAL 132,132,39.977153839633,4.0957280587796
12883,LA OLIVA 132,132,28.748045200404,-13.879521169425
7091,CAÑADA DE LA BARCA 132,132,28.163944158576,-14.259502931886
13537,VIRGEN DE AFRICA 132,132,35.883380214188,-5.3432897920699
7077,ABONA 66,66,28.079109586248,-16.502214071242
7078,AGÜIMES 66,66,27.88831220549,-15.449772932241
7080,ALDEA BLANCA 66,66,27.849011753262,-15.477928431361
7081,ARGUINEGUIN 66,66,27.767383120372,-15.678640428276
7082,ARICO2 66,66,28.160369366968,-16.445448421909
7083,ARINAGA 66,66,27.86702495246,-15.410838912969
7084,ARONA 66,66,28.049714482019,-16.642963045287
7088,BUENOS AIRES 66,66,28.454823618788,-16.268863425529
7090,CALLEJONES 66,66,28.988514024885,-13.599586108774
7093,CARRIZAL 66,66,27.91404213872,-15.423407359928
12694,CHAYOFA 66,66,28.070280676362,-16.69898433287
12700,CINSA 66,66,27.97805637602,-15.38329722232
12715,CORRALEJO 66,66,28.713430074911,-13.877396582305
12807,GRAN TARAJAL 66,66,28.233031486889,-14.019676471476
12805,GRANADILLA 66,66,28.085514176123,-16.496137901804
12815,GUIA 66,66,28.127993152441,-15.617711012301
12816,GUIA DE ISORA 66,66,28.222794233775,-16.804390823841
12820,GUINCHOS 66,66,28.664354908231,-17.768161312891
12852,JINAMAR 66,66,28.041886643399,-15.411743709619
12916,LOMO MASPALOMAS 66,66,27.772023395062,-15.580925145706
12932,MACHER 66,66,28.951557541283,-13.684698671513
12949,MARZAGAN 66,66,28.030198036097,-15.41991782419
12953,MATAS BLANCAS 66,66,28.121830508189,-14.28357681763
12954,MATORRAL 66,66,27.809303396896,-15.438487483131
13004,MUELLE GRANDE 66,66,28.152957978985,-15.417413057995
13068,PLAYA BLANCA 66,66,28.868507621604,-13.80011077761
13074,POLIGONO GRANADILLA 66,66,28.080913522236,-16.499335936045
13094,PUERTO DEL ROSARIO 66,66,28.520872105182,-13.872186568374
13100,PUNTA GRANDE 66,66,28.979720095688,-13.517552450008
13201,SAN BARTOLOME 66,66,28.988978448358,-13.599801788639
13450,SAN MATEO 66,66,28.008625124629,-15.543522879897
13219,SANTA AGUEDA 66,66,27.76914856589,-15.662882107032
7130,TAGORO 66,66,28.138844626797,-16.460202895332
12671,TELDE 66,66,27.988297888764,-15.436829893809
13466,EL PALMAR DE LA GOMERA 66,66,28.111782414859,-17.304226475203
13460,PORIS 66,66,28.160727667377,-16.445832740432
13444,ESCOBAR 66,66,27.913633031911,-15.423488859178
13465,SALINAS 66,66,28.503270942202,-13.846074075028
13449,SAN AGUSTIN GC 66,66,27.768052758586,-15.554175524093
13447,EL TABLERO 66,66,27.764606322502,-15.606909397848
13440,ARUCAS 66,66,28.098554626902,-15.529780423949
13459,POLIGONO GUIMAR 66,66,28.338180080872,-16.373247077881
12886,LA PATERNA 66,66,28.090841448719,-15.453882372282
13451,BARRANCO TIRAJANA 66,66,27.806469794917,-15.438574023138
7092,CANDELARIA 66,66,28.381889672813,-16.358183193219
13442,BARRANCO SECO 66,66,28.073434101061,-15.440239087472
13462,SAN ISIDRO 66,66,28.078380741285,-16.551267249588
13443,BUENAVISTA GC 66,66,28.122055928464,-15.437280181757
13463,TACORONTE 66,66,28.474555932939,-16.414646267206
7048,ARENAL 66,66,39.526458023209,2.7729298687174
7049,ARTA 66,66,39.681223596379,3.3430945291189
7050,BIT 66,66,39.632981831387,2.6472211137523
13472,BUNYOLA 66,66,39.684392695296,2.7038899705151
7052,CALA BLAVA 66,66,39.409410554076,2.8157276798333
7053,CALA MILLOR 66,66,39.583192216511,3.3632980380662
7054,CALVIA 66,66,39.526600187245,2.5075635700539
7055,CAN PICAFORT 66,66,39.747341164881,3.156008160349
12840,IBIZA 66,66,38.919577798891,1.4305972197264
12843,INCA 66,66,39.714093291403,2.9176652091601
12909,LLATZER 66,66,39.567094182372,2.6868278760019
12911,LLUCMAJOR 66,66,39.498127875187,2.9005169896544
12941,MANACOR 66,66,39.573553280945,3.190575675199
13477,MARRATXI 66,66,39.611750516792,2.7265899410732
13480,POLIGONO BALEARES 66,66,39.608369225394,2.6592312594088
7069,SA POBLA 66,66,39.763602719666,3.0317986639241
7070,SA VINYETA 66,66,39.709081816642,2.8977136956866
7385,SANTA MARIA 66,66,39.653157332278,2.8059559733917
7072,SANTANYI 66,66,39.366977531569,3.1175014874416
7073,SES VELES 66,66,39.654745478404,2.6877428264799
12666,SON ORLANDIS 66,66,39.60024182194,2.7442304746631
7075,SON REUS 66,66,39.650684424719,2.6787710088594
13468,TORRENT 66,66,38.935837114709,1.4327174149444
7366,CAPDEPERA 66,66,39.69768323369,3.4172876936817
13474,PORTO COLOM 66,66,39.420872332329,3.2359540308726
13470,SAN MARTIN BALEARES 66,66,39.813151309934,3.093942793102
13467,SAN JORGE 66,66,38.904588391372,1.3781841087993
7381,SANTA EULALIA 66,66,39.006337590508,1.4903347170279
12839,IBIZA 23 66,66,38.918438900598,1.4308013523436
13482,RAFAL 66,66,39.591401042558,2.6325138766105
13200,SAN ANTONIO 66,66,38.957226041087,1.336378273322
13209,SAN JUAN BALEARES 66,66,39.547344554513,2.7016700550884
7382,SON OMS 66,66,39.537415700383,2.7341736262787
13453,GENETO 66,66,28.457740932921,-16.314417591385
13454,ICOD DE LOS VINOS 66,66,28.367948794328,-16.700457708367
12721,CUESTA DE LA VILLA 66,66,28.418366525167,-16.498899355458
13461,LOS REALEJOS 66,66,28.382926721541,-16.573462500089
12724,DIQUE DEL ESTE 66,66,28.498772706407,-16.204793221495
12811,GUAJARA 66,66,28.466056318175,-16.299211789489
13446,LOMO APOLINARIO 66,66,28.093803251725,-15.439217918285
13458,MANUEL CRUZ 66,66,28.469141044334,-16.276519060656
13481,POLLENSA 66,66,39.884387138878,3.0562771083161
7386,ALCUDIA BALEARES 66,66,39.836211910849,3.1443050945361
12977,MOLINES 66,66,39.567727875693,2.674629101179
13469,SAN AGUSTIN BALEARES 66,66,39.553724329121,2.5933886400999
13473,SANTA CATALINA 66,66,39.573343176951,2.6350295021139
12707,COLISEO 66,66,39.583792715978,2.654627293896
13478,NUREDDUNA 66,66,39.572213659061,2.658379451647
7387,ANDRATX 66,66,39.544405963771,2.4226338157241
12769,FALCA 66,66,39.581245669683,2.6395203168662
13445,LAS PALMAS OESTE 66,66,28.102485401715,-15.494141706264
7395,VALLE DE ARIDANE 66,66,28.664304155017,-17.915951792806
